filename,size(wxh),pos(x+y),start,end,color(optional),nsfw(optional)
100Man-OP1-NCBD1080.webm,100.00x94.10,83.33x43.53,3.2,15.2,,
11eyes-OP1.webm,55.66x50.28,60.18x49.58,11,15,,
3DKanojoS2-OP1-NCBD1080.webm,84.14x100.00,54.43x0.00,5,15,,
7thTimeLoop-OP1.webm,100.00x63.19,100.00x38.49,6.8,13.7,,
AbsoluteDuo-OP1.webm,77.77x60.90,60.28x60.04,12,14.5,#FBFBFB,
ACCA-OP1-NCBD1080.webm,10.59x19.86,22.19x69.06,20,24,,
AcroTrip-OP1.webm,70.74x5.62,0.00x65.93,0.4,7.2,,
AcroTrip-OP1.webm,44.02x17.36,50.10x51.01,11,14.2,,
AhiruNoSora-OP3.webm,93.16x47.50,49.71x53.57,24,27,,
AhoGirl-OP1-NCBD1080.webm,21.37x5.28,70.79x46.63,4,55,#EAEDEC,
Ajin-OP1-Lyrics.webm,10.62x89.24,50.00x53.55,23.3,25.3,,
AkatsukiNoYona-OP1.webm,52.07x48.40,11.25x28.53,15,22,#FBFBFB,
AkatsukiNoYona-OP2.webm,21.05x63.47,78.97x11.98,14,21.4,#FFFFFF,
Amaburi-OP1v4.webm,47.30x46.53,47.66x0.00,0,3,,
Amaburi-OP1v4.webm,96.68x95.35,45.88x55.22,7,11.5,,
Amaburi-OP1v4.webm,47.62x28.68,52.20x3.51,20.5,22,,
Amatsuki-OP1.webm,51.45x81.94,50.28x52.31,2,7,,
AmekuTakaoNoSuiriKarte-OP1.webm,41.84x54.93,50.03x53.93,7,11.5,,
AngelBeats-OP1.webm,67.70x28.89,47.64x41.50,12,15,,
AngelBeats-OP1.webm,79.65x39.24,44.53x42.74,15,21,,
AngelBeats-OP2.webm,100.00x32.01,66.67x49.85,15.5,22.2,,
AnneShirley-OP1.webm,74.10x39.58,59.58x42.30,7.4,14.2,,
Another-OP1.webm,94.45x72.78,69.72x44.39,8.6,20.4,#F8FAF8,
AnsatsuKyoushitsu-OP1.webm,95x30,50x85,5,12.5,,
AnsatsuKyoushitsu-OP2.webm,100.00x23.40,50.00x52.95,0,1,,
AnsatsuKyoushitsu-OP2.webm,87.19x59.44,48.17x53.42,10.5,13,,
AnsatsuKyoushitsuS2-OP1.webm,100.00x50.90,0.00x100.00,5,14,,
AnsatsuKyoushitsuS2-OP2.webm,80.94x15.76,51.14x64.55,6,12,,
Aobuta-OP1-Lyrics.webm,86.37x67.57,55.30x13.49,14,16.3,,
AoHaruRide-OP1.webm,70.74x50.76,44.46x45.13,15.5,22.6,#F4FDFE,
AokiHaganeArsNova-OP1.webm,25x20,50x50,9,10.5,,
AokiHaganeArsNova-OP1.webm,65.20x40.62,50.39x53.33,14.5,20.5,,
AoNoExorcistS2-OP1-NCBD1080.webm,100.00x100.00,0.00x0.00,23.5,25,,
AoNoExorcistS2-OP1-NCBD1080.webm,100.00x100.00,0.00x0.00,27,31.5,,
ApocalypseHotel-OP1.webm,69.88x25.56,50.32x11.10,2.8,7.1,,
AppareRanman-OP1-NCBD1080.webm,89.22x61.88,47.83x46.99,10.3,20,,
ArcanaFamiglia-OP1.webm,78.01x13.33,0.18x72.84,12,16.5,,
Arifureta-OP1-NCBD1080.webm,100.00x73.61,75.00x57.89,12,17,,
ArifuretaS2-OP1-NCBD1080.webm,81.41x57.22,82.77x79.87,52,57.5,,
ArifuretaS3-OP1.webm,96.99x91.18,48.05x49.61,0.5,8.7,,
ArknightsS2-OP1.webm,43.09x60.21,49.42x56.20,15,19,,
ArslanSenkiTV-OP1.webm,75.39x59.58,49.68x53.78,11,16.5,#FEFEFE,
AssassinsPride-OP1-NCBD1080.webm,85.12x59.58,39.63x100.00,11,14.6,,
AssaultLily-OP1-NCBD1080.webm,59.57x29.51,49.76x45.52,8,21,,
AzumangaDaioh-OP1.webm,53.91x88.40,49.66x50.90,3,10.8,#D9D9D9,
AzurLane-OP1-NCBD1080.webm,30x10,50x50,13,15,,
AzurLane-OP1-NCBD1080.webm,74.77x46.46,49.54x56.94,23,28,,
Baccano-OP1.webm,89.73x62.15,55.51x75.41,18,24,,
Bakemonogatari-ED1.webm,46.37x44.65,49.89x50.19,0,5.2,#E8E6E4,
Bakemonogatari-ED1.webm,37.15x27.64,49.72x52.88,6.1,9.8,#E8E6E4,
Bakemonogatari-OP4.webm,74.34x55.42,100.00x0.00,15,25.2,#FAFAFA,
Bakemonogatari-OP5v2.webm,31.37x27.22,50.14x41.79,11.7,23.6,#DE1500,
Bakemonogatari-OP5v2.webm,100.00x100.00,0.00x0.00,59,71,,true
Baki-OP1.webm,75.27x88.75,49.13x64.20,17,22,,
BallroomEYoukoso-OP2-BD1080.webm,66.02x63.19,56.32x43.77,22,26.7,,
BananaFish-OP1-NCBD1080.webm,80x25,50x47,15,22,,
BangDreamAveMujica-OP1.webm,92.58x63.61,66.32x69.08,10,12.4,,
BangDreamS2-OP2.webm,76.52x69.03,54.24x54.71,18,23,,
BangDreamS3-OP1.webm,88.71x80.56,50.17x41.79,19,23.5,,
Bastard2022-OP1.webm,68.28x49.51,53.33x48.42,9.6,11.7,#000708,
Bastard2022S2-ED1.webm,19.96x40.90,5.91x69.92,54.3,58.1,#FDF9EC,
Bastard2022S2-OP1.webm,95.04x62.64,66.14x53.72,17,21,,
Beastars-OP1-NCBD1080.webm,95.98x94.65,37.86x51.95,0,4,,
BeastarsS2-OP1-NCBD1080.webm,100.00x90.35,50.00x63.31,0,3.5,#FCC217,
Beatless-OP1-NCBD1080.webm,100.00x64.51,50.00x57.93,11.5,14,,
Beck-OP1.webm,62.93x37.22,50.16x50.66,12.5,16.1,,
Berserk2016-OP1-NCBD1080.webm,55x20,80x80,18,23.2,,
Berserk2016-OP1-NCBD1080.webm,70x100,0x0,72,76,,true
Berserk2017-OP1-NCBD1080.webm,58.24x12.22,87.75x78.56,15,25,,
Berserk-OP1.webm,75.12x54.44,49.76x48.93,19,24.5,,
BeybladeBurstChouzetsu-OP1.webm,81.02x67.64,52.26x90.77,6,12.5,,
BeybladeX-OP1.webm,93.01x30.35,31.28x44.27,6,10.7,,
BeybladeX-OP1.webm,25.90x6.04,19.87x60.01,19.1,23.3,,
BeybladeX-OP3-[MAL]56566[ART]TOMORROW X TOGETHER[SNG]Rise.webm,100.00x100.00,0.00x0.00,15,21.2,,
BigOrderTV-OP1.webm,46.95x11.04,50.29x74.08,0.5,5,,
BigOrderTV-OP1.webm,21.05x42.71,71.94x82.30,21,28,,
BlackBullet-OP1v2-NCBD1080.webm,71.91x29.17,42.14x52.06,7,13,,
BlackCat-OP1.webm,52.46x60.90,100.00x41.21,18.2,19.5,,
BlackCat-OP1.webm,84.92x51.04,100.00x45.53,20.7,22.5,,
BlackCat-OP1.webm,100.00x100.00,85.71x0.00,23.3,26.9,,
BlackClover-OP10.webm,10.82x3.61,50.50x45.39,9,16,,
BlackClover-OP1-NCBD1080.webm,60.98x34.58,51.15x51.17,18,22,,
BlackClover-OP3-NCBD1080.webm,29.92x5.69,52.01x49.04,10,13.5,,
BlackClover-OP4-NCBD1080.webm,50x10,50x50,23,28,,
BlackClover-OP4-NCBD1080.webm,35x30,50x80,28,31,,
BlackRockShooterDawnFall-OP1.webm,36.29x8.96,11.89x23.65,2,4.7,#000009,
BlackRockShooterDawnFall-OP1.webm,100.00x67.57,80.00x62.53,49,53,,
BlazBlueCalamityTrigger-OP1-[ID]BlazBlueCT.webm,84.06x85.56,52.70x47.60,21.5,26.7,,
Bleach2022-OP1-NCBD1080.webm,97.11x95.42,48.65x59.09,11,20,,
Bleach-OP1.webm,70.12x49.03,48.63x47.00,15.5,16.7,#FEE2AA,
Bleach-OP1.webm,76.09x100.00,49.02x0.00,20,32,,
Bleach-OP11.webm,70.94x30.00,55.78x48.81,9,16,,
Bleach-OP12.webm,81.09x35.21,46.69x48.34,18,20.5,,
Bleach-OP13.webm,66.88x44.10,93.99x51.55,14,21.7,,
Bleach-OP14.webm,100.00x100.00,80.00x0.00,20,25.8,,
Bleach-OP2.webm,80.04x90.00,56.75x45.14,12,15,,
Bleach-OP2.webm,61.76x29.58,49.64x49.51,15,18,,
Bleach-OP3.webm,75.74x34.86,50.24x50.85,24,29.5,,
Bleach-OP4.webm,75.47x91.32,50.16x50.40,8,16.5,,
Bleach-OP5.webm,51.88x23.26,51.14x52.22,7,14,,
Bleach-OP7.webm,60x40,50x50,12.5,18,,
Bleach-OP9.webm,92.15x39.03,50.25x48.97,8,14.2,,
Bleach-OP9.webm,100x100,50x50,14.2,15.5,,
BleachRebirthofSouls-OP1-[ID]BleachRoS.webm,100.00x95.00,50.00x43.06,0,7.3,,
BleachRebirthofSouls-OP1-[ID]BleachRoS.webm,96.05x100.00,43.56x0.00,19.8,20.9,,
BlendS-OP1-BD1080.webm,100.00x43.61,66.67x46.06,13,19,,
BloodC-OP1.webm,100.00x100.00,0.00x0.00,0.6,1.2,,
BloodC-OP1.webm,47.73x77.64,47.09x40.06,6.2,6.7,#5D72AB,
BloodC-OP1.webm,100.00x100.00,0.00x0.00,50.5,55,,true
BloodC-OP1.webm,100.00x100.00,0.00x0.00,59,64,,true
BloodPlus-OP2.webm,74.92x54.58,49.69x46.94,3.5,9.1,#EBEBEB,
BlueLock-OP1-NCBD1080.webm,100.00x49.38,83.33x54.32,12,15,,
BocchiTheRock-OP1-NCBD1080.webm,65.59x73.89,100.00x100.00,6,13,,
BokuNoHeroAcademia-OP1-NCBD1080.webm,88.09x33.19,47.54x50.21,18.7,19.7,,
BokuNoHeroAcademia-OP1-NCBD1080.webm,89.41x30.97,51.66x49.21,21.5,22.4,,
BokuNoHeroAcademia-OP1-NCBD1080.webm,80.31x57.78,51.98x46.05,24.5,29.3,,
BokuNoHeroAcademiaS2-OP1-NCBD1080.webm,85.98x62.50,54.60x52.04,14,20.1,,
BokuNoHeroAcademiaS3-OP1-NCBD1080.webm,93.79x66.67,62.89x46.46,1.3,2.5,,
BokuNoHeroAcademiaS3-OP2-NCBD1080.webm,95.20x60.69,41.46x48.41,14.1,20.4,,
BokuNoHeroAcademiaS4-OP1-NCBD1080.webm,76.76x55.69,51.26x42.63,18,24.5,,
BokuNoHeroAcademiaS6-OP2-NCBD1080.webm,66.64x49.44,52.69x43.13,14,23.5,,
BokuNoHeroAcademiaVigilante-OP1.webm,36.80x7.01,49.94x50.19,2,6.5,#FDF2BB,
BokuNoHeroAcademiaVigilante-OP1.webm,85.78x54.03,54.40x50.00,8.4,14.1,,
BokutachiNoRemake-OP1.webm,73.28x24.31,50.00x48.44,9.5,15.2,,
BokuyabaS2-OP1.webm,71.33x10.14,69.89x55.49,16.6,22.4,,
Boruto-OP10.webm,68.52x16.11,53.72x73.34,4.5,8.6,,
Boruto-OP10.webm,100.00x86.94,0.00x77.66,15.3,23.4,,
Boruto-OP1-BD1080.webm,100.00x100.00,0.00x0.00,0,6.2,,
Boruto-OP1-BD1080.webm,37.50x83.26,16.88x0.00,6.2,11.5,,
Boruto-OP1-BD1080.webm,100.00x91.46,0.00x100.00,12,15.5,,
Boruto-OP8.webm,66.68x7.29,50.88x68.91,3.5,9,,
BoushokuNoBerserk-OP1.webm,24.88x6.88,51.17x53.62,36,38.5,,
BrandNewAnimal-OP1.webm,100.00x93.75,50.00x41.11,16.5,25,,
BravelySecond-OP1-[ID]BravelyS.webm,86.68x100.00,100.00x0.00,8,8.4,,
BravelySecond-OP1-[ID]BravelyS.webm,100.00x88.89,50.00x41.88,9,9.5,,
BravelySecond-OP1-[ID]BravelyS.webm,100.00x88.89,50.00x41.88,10.3,14.4,,
BravelySecond-OP1-[ID]BravelyS.webm,96.56x23.89,56.82x49.54,15.8,16.4,,
Btooom-OP1.webm,100.00x86.46,100.00x21.03,21.4,23.4,,
Btooom-OP1.webm,100.00x86.46,100.00x21.03,23.6,25.8,,
Btooom-OP1.webm,92.03x55.56,49.51x19.53,26,30.4,,
BubukiBuranki-OP1.webm,98.01x67.57,47.06x6.42,6.2,10,,
Bucchigiri-OP1.webm,68.01x43.96,56.04x46.59,18,23.4,,
BungouStrayDogs-OP1-NCBD1080.webm,50.70x9.10,10.94x75.94,11,11.8,,
BungouStrayDogs-OP1-NCBD1080.webm,100.00x100.00,0.00x0.00,16.8,19.6,,
BungouStrayDogsS2-OP1-BD1080.webm,52.54x25.62,50.37x45.66,18,20.3,,
BungouStrayDogsS3-OP1-BD1080.webm,81.48x29.58,53.59x53.94,6,17.4,,
BungouStrayDogsS5-OP1.webm,84.73x32.57,52.94x50.05,18.8,21.1,,
BusouShoujoMachiavellianism-OP1-NCBD1080.webm,95.86x92.50,52.83x41.67,0,2.5,,
BusouShoujoMachiavellianism-OP1-NCBD1080.webm,100.00x100.00,0.00x0.00,16.3,17.5,,
BusouShoujoMachiavellianism-OP1-NCBD1080.webm,77.73x41.67,50.70x48.57,18,23.5,,
C3-OP2.webm,33.98x78.12,50.30x0.00,18,19.5,,
Canaan-OP1.webm,75.16x17.99,49.21x50.13,26,31.2,,
CannonBusters-OP1.webm,83.16x65.83,100.00x38.82,34,39.3,,
CaptainTsubasa2018-OP2.webm,100.00x100.00,0.00x0.00,12.5,19,,
CardcaptorSakuraClearCardHen-OP2-NCBD1080.webm,73.67x44.31,47.18x43.64,8,12.5,,
CardcaptorSakura-OP1.webm,65.94x41.74,48.62x34.68,10,17.2,#4386CB,
CardfightVanguardDivinezS2-OP1.webm,86.17x84.72,57.63x60.00,18,26,,
CardfightVanguardGaidenIf-ED2.webm,39.18x17.99,94.03x49.96,2.8,4.2,,
CardfightVanguardGZ-OP1.webm,69.38x42.71,61.86x49.94,0,13,,
CardfightVanguardGZ-OP1.webm,72.89x38.82,55.04x56.19,15,22.5,,
CardfightVanguardLegionMate-OP2.webm,74.14x49.38,53.32x47.05,19,24.5,,
CardfightVanguard-OP1.webm,17.23x9.17,26.33x93.43,6,13,,
CardfightVanguardOverdress-OP1.webm,27.30x25.83,33.26x0.00,37,40,#24173C,
CardfightVanguardZokuKoukouseiHen-OP1.webm,60.43x48.47,49.56x48.52,10.5,16.1,,
CasshernSins-OP1.webm,25.62x26.60,81.30x58.66,22,28.2,,
ChainChronicle-OP1-NCBD1080.webm,100.00x100.00,0.00x0.00,8.5,18.4,,
ChainsawMan-ED1-NCBD1080.webm,24.84x6.74,50.36x49.81,1,2.3,,
Charlotte-OP1.webm,89.65x30.14,51.70x49.50,0.1,6.5,,
Chihayafuru-OP1v2.webm,36.45x73.89,52.67x46.81,0.3,6.5,,
ChihayafuruS2-OP1.webm,11.45x73.96,49.93x48.00,4.3,12.4,,
Chuunibyou-OP1.webm,52.97x25,100x100,12,23,#FEFEFE,
ChuunibyouS2-OP1.webm,66.21x40.35,52.02x47.73,13,21.3,,
CityHunter-OP2.webm,63.05x46.39,47.67x48.58,7,17,,
ClannadAfterStory-OP1.webm,54.65x33.96,49.53x56.36,16,22.7,,
Claymore-OP1.webm,90.66x53.40,51.46x52.46,8.5,12.7,,
CodeGeass-OP1.webm,73.87x61.74,48.28x49.55,4.3,9.7,,
CodeGeass-OP2.webm,96.91x93.68,40.51x52.75,0,7.9,,
CodeGeassR2-OP1.webm,76.25x31.32,51.97x74.52,23,29,,
CodeGeassR2-OP2.webm,76.25x56.94,54.28x60.97,21,28,,
CodeVein-OP1-[ID]CodeVein.webm,83.36x34.10,44.84x28.66,33,37.6,,
Conception-OP1.webm,41.72x6.11,31.84x53.33,0,9,,
Conception-OP1.webm,78.01x68.89,52.22x73.66,9.5,18,,
CorpsePartyTorturedSouls-OP1.webm,69.61x61.18,53.98x42.58,23,29,,
CowboyBebop-OP1.webm,100.00x100.00,0.00x0.00,0,2.9,,
CowboyBebop-OP1.webm,79.02x51.94,100.00x98.12,2.9,17.3,,
CowboyBebop-OP1.webm,61.17x27.85,42.35x56.40,20,24,,
CowboyBebop-OP1.webm,76.45x100.00,51.91x0.00,26.5,32.8,,
CowboyBebop-OP1.webm,76.45x100.00,51.91x0.00,33.5,36.5,,
CowboyBebop-OP1.webm,68.05x17.85,50.98x60.36,43.5,46.5,,
CowboyBebop-OP1.webm,63.36x76.53,56.61x13.91,48.5,53,,
CyberpunkEdgerunners-OP1.webm,50.16x12.50,11.36x33.49,0,4,#FEFF00,
D4DJ-OP1.webm,100.00x82.29,0.00x39.61,5,11.4,,
D4DJ-OP1.webm,46.33x29.79,18.56x8.90,11.4,13.7,#FDE3B2,
DagashiKashi-OP1-NCBD1080.webm,74.80x56.81,48.22x48.55,6,14.5,,
Danganronpa3MiraiHen-OP1-NCBD1080.webm,100.00x32.64,80.00x49.59,9,12.4,,
Danganronpa-OP2.webm,81.37x44.03,50.73x52.11,5,6.8,,
Danganronpa-OP2.webm,81.37x44.03,50.73x52.11,7.3,8.1,,
Danganronpa-OP2.webm,100.00x100.00,0.00x0.00,8.8,10,,
DanMachiS4-OP1-NCBD1080.webm,81.88x51.18,52.80x43.53,11,18,,
DanMachiS4Part2-OP1-NCBD1080.webm,100.00x100.00,0.00x0.00,10,14.8,,
DanshiKoukouseiNoNichijou-OP1.webm,78.20x55.07,47.31x50.54,2.7,8,,
DantalianNoShoka-OP1.webm,53.20x100.00,64.11x0.00,0,7.3,,
DarkerThanBlack-OP1.webm,100.00x100.00,0.00x0.00,4,22,,
DarkerThanBlack-OP2.webm,75x50,50x50,23,37.5,,
DarkerThanBlackS2-OP1.webm,100.00x88.06,50.00x31.40,15.5,22,,
DarkGathering-OP1-NCBD1080.webm,100.00x35.28,100.00x100.00,14.5,21,,
DarlingInTheFranXX-ED5-NCBD1080.webm,44.84x36.39,0.04x100,6,11,#000000,
DarwinsGame-OP1-NCBD1080.webm,74.49x42.01,49.62x48.86,3.5,10,,
DarwinsGame-OP1-NCBD1080.webm,74.49x42.01,49.62x48.86,12.5,14,,
DateALive-OP1.webm,100.00x100.00,0.00x0.00,21,25.5,#000000,
DateALive-OP1.webm,80x40,50x50,25.5,34,,
DateALiveS4-OP1-NCBD1080.webm,87.15x31.31,59.27x52.85,9,20,,
DateALiveS5-OP1-NCBD1080.webm,78.98x25.76,29.93x18.43,12.3,20.8,#3F5EAE,
DeadmanWonderland-OP1.webm,73.09x58.61,15.38x58.39,0,4.5,,
DeadmanWonderland-OP1.webm,63.63x52.15,50.59x49.20,20,22.5,,
DeadmanWonderland-OP1.webm,81.33x72.85,100.00x49.62,25.5,26.5,,
DeadmanWonderland-OP1.webm,51.52x34.44,0.00x31.57,29,29.8,,
DeadmanWonderland-OP1.webm,73.79x41.32,0.00x0.00,31.2,32.4,,
DeadmanWonderland-OP1.webm,84.57x61.25,0.00x50.54,35,36.5,,
DeadmanWonderland-OP1.webm,36.13x34.44,100.00x0.00,39.5,46.3,,true
DeadmanWonderland-OP1.webm,100.00x38.89,75.00x100.00,55,62,,
DeadmanWonderland-OP1.webm,100.00x53.89,0.00x100.00,70,75.2,,true
DeathMa-OP1-NCBD1080.webm,100.00x84.58,85.71x100.00,24.5,33.5,,
DeathMa-OP1-NCBD1080.webm,72.81x63.75,42.96x61.88,37.5,43,,
DeathNote-OP1.webm,100.00x100.00,0.00x0.00,12,24,,
DeathNote-OP2.webm,99.96x49.51,0.00x40.44,8,13,,
DeathParade-OP1.webm,86.17x27.36,77.97x72.75,5,13,,
DecaDence-OP1-NCBD1080.webm,76.37x45.62,61.16x52.36,6,11,,
Dekoboko-OP1.webm,56.37x18.33,50.04x100.00,22,30,,
DetectiveConan-OP13.webm,74.34x100.00,50.38x0.00,13.7,27.4,,
DetectiveConan-OP36.webm,96.02x93.06,50.00x58.00,15,21.5,,
DevilmanCrybaby-OP1-NCBD1080.webm,89.65x50.42,58.87x56.02,11,15,,
DevilMayCry-OP1.webm,97.58x94.93,46.77x50.68,0,2.5,,
DevilMayCry-OP1.webm,25.94x38.61,56.43x21.72,9.5,13,,
DFrag-OP1.webm,70.04x66.11,55.15x100.00,11.3,13.6,,
DGrayManHollow-OP1.webm,86.88x65.28,54.76x39.60,13,22,,
DGrayMan-OP1.webm,100.00x86.53,0.00x24.23,2,6.5,,
DGrayMan-OP3.webm,100.00x89.03,66.67x34.18,13.5,17.5,,
DGrayMan-OP4.webm,100x100,50x50,8.5,9.75,,
DGrayMan-OP4.webm,90x70,50x50,9.75,13,,
DigimonAdventureTri2-OP1.webm,95.43x77.99,41.03x41.01,5,16.5,,
DimensionW-OP1.webm,83.79x58.75,46.99x54.88,0.2,6.5,,
DirtyPair-OP1.webm,60.59x42.57,49.06x55.86,6.5,15,,
Disgaea5-OP1-[ID]Disgaea5.webm,83.36x77.92,33.57x41.51,21.2,25.7,,
DivineGate-OP1.webm,100.00x66.53,66.67x44.81,14,20.6,,
Dorohedoro-OP1-NCBD1080.webm,100.00x33.33,0.00x100.00,14,17.5,,
DosankoGal-OP1.webm,97.62x83.47,59.02x52.52,12,14.7,,
DosankoGal-OP1.webm,97.62x83.47,59.02x52.52,15.3,18.9,,
DotHackSign-OP1.webm,97.23x94.79,43.66x50.67,0.5,3,,
DotHackSign-OP1.webm,25.86x14.31,49.79x49.59,3.6,8.2,,
DotHackSign-OP1.webm,97.23x94.79,43.66x50.67,16.4,18.5,,
DragonBallKai-OP1-NCBD.webm,54.37x42.50,45.80x46.86,12.2,16.9,,
DragonBall-OP1.webm,75.55x100.00,50.16x0.00,8,14.3,,
DragonBall-OP1.webm,49.22x10.62,50.54x89.04,17,21,,
DragonBall-OP1.webm,49.22x10.62,50.54x89.04,81,85,,
DragonBallSuper-OP1.webm,85.16x67.78,47.89x40.52,4,10.5,,
DragonBallSuper-OP2.webm,100.00x100.00,0.00x0.00,11,18.7,,
DragonBallZBudokaiTenkaichi3-OP1-[ID]DragonBallZBT3.webm,87.38x86.39,56.04x50.51,3,8.3,,
DragonBallZ-OP1-NCBD1080.webm,86.41x87.43,51.15x38.67,1,16.5,,
DragonBallZ-OP2.webm,64.61x69.17,49.12x62.16,15,20.3,#D099FF,
DragonQuestDaiNoDaibouken-OP1-Lyrics.webm,75.16x69.44,50.00x27.50,3,13.5,,
DrStone-OP1-NCBD1080.webm,74.80x46.46,50.23x49.29,6,15.5,,
DrStoneS4-OP1.webm,84.57x71.32,50.38x26.15,0,15.4,,
DumbbellNanKiloMoteru-OP1-NCBD1080.webm,100.00x100.00,0.00x0.00,0,1,#FEFEFE,
DumbbellNanKiloMoteru-OP1-NCBD1080.webm,9.84x18.40,100.00x71.83,4.5,6.1,#2657AE,
DumbbellNanKiloMoteru-OP1-NCBD1080.webm,100.00x100.00,0.00x0.00,11.5,15.5,#2657AE,
EdensZero-OP1.webm,100.00x48.40,0.00x0.00,9,14.8,#0A112C,
EfATaleOfMemories-OP1.webm,100.00x100.00,0.00x0.00,0,1,#F9F9F9,
EfATaleOfMemories-OP1.webm,100.00x100.00,0.00x0.00,7,13.5,#FFBCBD,
EfATaleOfMemories-OP1v3.webm,100.00x100.00,0.00x0.00,0,1,#F9F9F9,
EfATaleOfMemories-OP1v3.webm,100.00x100.00,0.00x0.00,7,13.5,#FFBCBD,
ElfenLied-OP1.webm,91.76x87.92,59.24x67.24,27.5,29.5,,
ElfenLied-OP1.webm,52.27x100.00,51.31x0.00,38.5,50.5,,true
ElfenLied-OP1.webm,42.30x100.00,14.69x0.00,51.5,54.5,,true
ElfenLied-OP1.webm,61.33x100.00,48.48x0.00,60,64,,true
ElfenLied-OP1.webm,28.79x100.00,65.77x0.00,64,72.5,,true
ElfenLied-OP1.webm,76.25x100.00,48.85x0.00,72.5,80.7,,true
EnenNoShouboutai-ED1-NCBD1080.webm,51.37x95.62,48.51x0.00,26.4,29.5,,true
EnenNoShouboutai-OP2-NCBD1080.webm,22.38x11.81,14.90x88.90,5,10,#F0EAE0,
EnenNoShouboutai-OP2-NCBD1080.webm,29.61x17.08,43.17x29.98,11,22.7,#9F0E11,
EnenNoShouboutaiS2-OP1-NCBD1080.webm,22.38x3.82,6.89x59.64,8,12.5,,
EtrianOdyssey2Untold-OP1-[ID]EtrianOdyssey2U.webm,54.57x35.35,52.71x61.12,24,30.2,,
FafnerTheBeyond-OP1.webm,79.26x52.71,47.65x55.65,27.5,33.5,,
FairyGone-OP1-NCBD1080.webm,56.60x28.33,53.02x48.55,16,21,#180F0C,
FairyGoneS2-OP1-NCBD1080.webm,98.36x51.32,71.43x49.93,10,17.5,,
FairyTail2014-OP1.webm,73.16x44.38,52.69x40.20,22,29,,
FairyTail2014-OP2.webm,80.70x82.50,51.62x37.70,13,21.2,,
FairyTail2014-OP7.webm,100.00x100.00,0.00x0.00,12,21.5,,
FairyTail2014-OP8.webm,64.61x52.99,53.31x60.41,0.1,6.1,,
FairyTail2014-OP8.webm,64.61x52.99,53.31x60.41,9,11,,
FairyTail2018-OP2-NCBD1080.webm,87.62x59.86,61.83x29.76,2.5,7.2,,
FairyTail2018-OP4-NCBD1080.webm,74.22x45.00,56.36x47.73,13,20,,
FairyTail-OP1.webm,87.23x60.28,63.00x19.06,9,16.2,,
FairyTail-OP3.webm,100.00x100.00,0.00x0.00,11,19,,
FairyTail-OP8.webm,95.51x92.43,48.70x51.38,18.3,30.9,,
FairyTail-OP9.webm,95.51x92.43,48.70x51.38,9.3,16.2,,
FateApocrypha-OP2-NCBD1080.webm,79.22x70.35,55.83x46.14,6,11,,
FateExtraLastEncore-OP1-NCBD1080.webm,100.00x100.00,0.00x0.00,0,6.7,#030303,
FateGrandCarnival-OP1.webm,100.00x87.01,0.00x0.00,15.2,16.4,#F9F9F9,
FateGrandCarnival-OP1.webm,100.00x95.07,0.00x0.00,18,19,,
FateGrandOrderBabylonia-OP1-NCBD1080.webm,73.48x44.79,50.37x50.94,9,12,,
FateHollowAtaraxia-OP1-[ID]FateHA.webm,67.58x70.21,50.00x31.70,15,19.1,,
FatePrismaIllya2weiHerz-OP1.webm,65.94x47.50,48.85x48.28,13,21,,
FatePrismaIllya-OP1.webm,92.93x24.03,53.04x47.07,10,17.3,,
FateStayNight-OP1.webm,68.24x84.93,53.26x48.39,0,6.5,,
FateStayNight-OP2.webm,64.73x82.50,52.91x41.25,22,25,,
FateStayNight-OP2.webm,52.50x74.10,50.90x45.03,25,30.5,,
FateStayNightOVA-OP1.webm,31.25x48.06,49.15x49.73,33,41,,
FateStayNightRealtaNua-OP1-[ID]FateSNRN.webm,49.73x72.22,49.03x50.25,19,24.7,,
FateStayNightRealtaNua-OP2-[ID]FateSNRN.webm,49.73x72.22,49.03x50.25,18.2,24.4,,
FateStayNightRealtaNua-OP3-[ID]FateSNRN.webm,49.73x72.22,49.03x50.25,42,45.4,,
FateStayNightUBW-OP1.webm,48.95x67.99,49.35x57.27,11,17.5,,
FateStayNightUBWS2-OP1.webm,48.05x66.11,50.15x24.59,11,17.5,,
FateZeroS2-OP1.webm,50x55,50x50,9.5,19,,
Figure17-OP1.webm,74.49x30.00,53.45x41.67,11.5,19,,
FLCLProgressive-ED1.webm,68.87x45.07,51.57x51.33,9.6,15.5,,
FlipFlappers-OP1-NCBD1080.webm,72.30x64.93,55.57x50.50,9.5,17.5,,
FlyingWitch-OP1.webm,92.54x41.46,70.68x49.35,16,25.5,,
FreeS3-OP1-NCBD1080.webm,75.35x75.35,50.71x27.04,15,18.5,,
FugouKeiji-ED1-NCBD1080.webm,78.83x25.76,49.63x37.14,7.3,9.3,,
FullDive-OP1-NCBD1080.webm,14.61x4.10,50.00x49.17,14,23.7,#FFFFFF,
FullmetalAlchemistBrotherhood-OP1.webm,71.84x6.11,49.65x67.53,15,21.5,,
FullmetalAlchemistBrotherhood-OP2.webm,76.33x9.17,49.34x70.11,15,18.5,#020CA4,
FullmetalAlchemistBrotherhood-OP3.webm,76.09x45.62,49.18x51.85,2.5,12,,
FullmetalAlchemistBrotherhood-OP4.webm,76.05x9.65,51.39x69.02,5,15,,
FullmetalAlchemistBrotherhood-OP5.webm,74.38x8.26,51.07x66.69,1.5,7.2,,
FullmetalAlchemist-OP1.webm,40.74x7.36,63.61x62.67,26,31,,
FullmetalAlchemist-OP2.webm,75.20x100.00,50.24x0.00,0.7,5.9,,
FullmetalAlchemist-OP2.webm,59.49x44.38,50.53x53.31,19.8,23.3,,
FullMetalPanicInvisibleVictory-OP2.webm,100.00x89.51,75.00x28.48,11,16.5,#FEFEFE,
FullMoonWoSagashite-OP1.webm,60.62x45.83,49.11x48.46,0,5,,
FutariWaPrecureMaxHeart-OP1.webm,83.87x100.00,54.96x0.00,0,1.6,,
FutariWaPrecureMaxHeart-OP1.webm,76.91x53.89,51.10x95.78,16,19.5,,
FuutoTantei-OP1-NCBD1080.webm,95.35x48.89,100.00x53.26,14,18.3,,
FuutoTantei-OP1-NCBD1080.webm,95.35x48.89,100.00x53.26,18.6,20.5,,
FZeroFalconDensetsu-OP1.webm,75.04x58.68,50.23x48.07,13,20.5,,
GabrielDropout-OP1.webm,93.67x87.01,53.09x48.66,15.7,21.5,,
GaikotsuKishi-OP1-NCBD1080.webm,44.06x9.38,50.07x75.10,5,11,,
GakuenToshiAsterisk-OP1-NCBD1080.webm,73.98x42.43,50.45x39.45,9,14,,
GakuenToshiAsteriskS2-OP1-NCBD1080.webm,74.69x36.67,50.46x49.12,14,20.3,,
Gamers-OP1-NCBD1080.webm,65.00x37.01,50.33x51.38,15,26,,
Gankutsuou-ED1.webm,100.00x100.00,0.00x0.00,4,5.5,,
Gantz2ndStage-OP1.webm,69.80x56.74,49.55x49.28,0,9,,
GaReiZero-OP1.webm,69.18x64.58,45.63x23.92,11.2,16,,
GatchamanCrowds-OP1.webm,100x49.17,50.00x41.26,7,12,,
GateS2-OP1.webm,57.73x100.00,12.66x0.00,8.6,9.2,,
GateS2-OP1.webm,58.13x100.00,58.58x0.00,10.2,10.9,,
GateS2-OP1.webm,43.55x96.32,13.84x0.00,11.4,12.3,,
GateS2-OP1.webm,44.10x100.00,100.00x0.00,13.1,13.7,,
GateS2-OP1.webm,64.10x50.83,50.05x53.81,16,21.6,,
GeneiWoKakeruTaiyou-OP1.webm,49.61x14.17,1.47x64.40,5,9.5,,
GenkokuS2-OP1-NCBD1080.webm,80.86x70.00,61.63x49.77,10,15.75,,
GhostInTheShellSAC2045-OP1-NCBD1080.webm,78.01x49.10,44.94x48.02,5.5,9,,
GingaEiyuuDensetsu-OP3.webm,63.55x69.31,52.63x61.31,1,11.2,,
GirlsBandCry-OP1-NCBD1080.webm,100x46.53,50.00x99.87,13,14.5,,
GirlsBandCry-OP1-NCBD1080.webm,100.00x48.82,0.00x29.72,14.5,19.2,,
GirlsUndPanzerDasFinale-OP1.webm,51.45x22.92,50.04x49.91,1,4,,
GirlsUndPanzerDasFinale-OP1.webm,82.70x90.42,51.02x39.86,14,19.5,,
Given-OP1-NCBD1080.webm,73.44x67.71,55.29x49.89,5.5,16,,
Gleipnir-OP1-NCBD1080.webm,76.80x70.97,50.00x73.44,9,18.5,,
GoblinSlayer-OP1-NCBD1080.webm,79.77x43.61,52.12x41.13,15,23,,
GoblinSlayerS2-OP1.webm,90.90x37.15,50.21x47.85,12,16.6,,
GodEater-OP1.webm,46.13x13.47,89.70x63.72,1.5,2.7,,
GodEater-OP1.webm,72.42x26.60,50.57x54.12,10.5,15.2,,
GokukokuNoBrynhildr-OP1.webm,83.32x38.26,55.97x50.84,25,28,,
GokukokuNoBrynhildr-OP2.webm,77.89x34.03,56.71x40.11,13.3,20,,
Gokushufudou-OP1.webm,96.88x54.24,66.25x56.60,15,24,,
GoldenTime-OP1.webm,82.73x36.88,48.87x47.52,14,18.5,,
Gosick-OP1.webm,76.91x26.11,48.39x46.33,4.5,15,,
GranblueFantasyS2-OP1-NCBD1080.webm,67.89x36.53,46.59x62.91,10,17,,
GrancrestSenki-OP1-NCBD1080.webm,90.23x43.82,47.60x21.76,8.8,14.5,,
GrandBlue-ED1.webm,100.00x100.00,0.00x0.00,81.8,90,,true
GrandBlue-OP1-Lyrics.webm,78.24x47.92,37.52x39.73,17,23.7,,
GreatPretender-OP1-NCBD1080.webm,100.00x100.00,0.00x0.00,0,2,,
GreatTeacherOnizuka-OP1.webm,75.55x100.00,50.48x0.00,10,12.7,#030303,
GreatTeacherOnizuka-OP1.webm,75.55x100.00,50.48x0.00,13.3,17,#030303,
GreatTeacherOnizuka-OP1.webm,75.55x100.00,50.48x0.00,21,22.8,#030303,
GreatTeacherOnizuka-OP1.webm,75.55x100.00,50.48x0.00,27.3,28,#030303,
GreatTeacherOnizuka-OP1.webm,75.55x100.00,50.48x0.00,38.3,39.2,#030303,
GreatTeacherOnizuka-OP1.webm,75.55x100.00,50.48x0.00,45.5,47.6,#030303,
GreatTeacherOnizuka-OP1.webm,75.55x100.00,50.48x0.00,49.5,50.5,#030303,
GreatTeacherOnizuka-OP1.webm,75.55x100.00,50.48x0.00,61.2,62.4,#030303,
GreatTeacherOnizuka-OP1.webm,75.55x100.00,50.48x0.00,64.2,68.8,#030303,
GrisaiaNoKajitsu-ED3.webm,91.17x14.58,26.99x49.02,12,16,,
GrisaiaNoRakuen-OP1.webm,87.38x53.26,44.58x49.03,15,20.5,,
GrisaiaPhantomTrigger-OP1.webm,86.21x37.15,49.86x67.73,15.5,20,,
GuiltyCrown-OP2.webm,90.35x45.07,45.34x48.17,16,23,,
GuiltyCrown-OP3.webm,89.96x43.47,51.75x50.49,9,14.2,,
GuiltyGearStriveDualRulers-OP1.webm,100.00x86.81,50.00x37.37,10.2,14.5,,
Gundam0083StardustMemory-OP1.webm,59.61x45.76,49.61x51.98,12,23,,
Gundam00-OP1.webm,71.09x37.78,52.43x44.64,4.5,12.5,,
Gundam00S2-OP1.webm,84.88x43.33,51.16x46.94,28,33,,
GundamBuildDivers-OP1-NCBD1080.webm,54.84x77.71,50.52x40.81,6.7,10,,
GundamBuildDivers-OP2-NCBD1080.webm,66.25x91.67,64.12x38.33,15,17.5,,
GundamBuildFightersTry-OP1.webm,84.92x72.01,39.38x31.76,25,30.5,,
GundamGNoReconguista-OP1.webm,100.00x71.88,0.00x100.00,14,21,,
GundamGquuuuuux-OP1.webm,100.00x38.12,0.00x55.44,16.8,22.8,,
Gundam-OP1.webm,61.41x92.85,45.65x100.00,11.5,21.8,,
GundamTheWitchFromMercury-OP1v2-NCBD1080.webm,50x20,50x50,11.5,13,,
GyakutenSaibanS2-OP1.webm,80.43x66.46,51.30x46.58,14,24,,
GyakutenSaibanS2-OP2.webm,91.60x74.31,0.00x31.08,10,24,,
HaganaiNext-OP1.webm,100x100,50x50.44,28,31.5,#FBFBFB,
HaganaiNext-OP1.webm,84.53x71.25,59.09x70.77,31.5,35,,
Haganai-OP1.webm,91.33x48.26,0.00x46.04,26,30.3,,
HaikyuuS4-OP1-NCBD1080.webm,93.98x94.31,56.49x0.00,16.2,22.2,,
HakataTonkotsuRamens-OP1-NCBD1080.webm,88.52x81.39,49.32x48.13,11,19,,
HamefuraS2-OP1-NCBD1080.webm,89.53x33.26,58.96x34.34,19,27.8,#F9F9F9,
HametsuNoOukoku-OP1.webm,90.66x44.79,57.74x49.69,37.5,43.7,#111111,
Hanamonogatari-OP1.webm,75.94x27.99,49.51x36.64,8.3,11.3,#3C77F7,
HandaKun-OP1.webm,95.00x90.83,51.56x59.09,4,11,,
HandShakers-OP1-NCBD1080.webm,100.00x54.24,100.00x49.62,9.5,13.5,,
HappySugarLife-OP1-NCBD1080.webm,100.00x91.39,27.27x41.13,15,24,,
HatarakuSaibouBlack-OP1-NCBD1080.webm,80.90x67.57,50.51x46.68,15,20,,
HayateNoGotoku-OP1.webm,67.93x46.67,49.21x49.48,14,19,#789CDB,
Helck-OP2.webm,51.76x6.11,11.26x10.95,0,4,,
Helck-OP2.webm,100.00x93.33,75.00x47.92,8,16.3,,
Hellsing-OP1.webm,75.47x53.12,49.84x22.37,2.3,7.7,,
Hellsing-OP1.webm,24.06x31.32,52.93x38.52,8.5,10,,
Hellsing-OP1.webm,56.52x62.71,49.78x53.63,11.3,14,,
HibikeEuphonium-ED1.webm,15.78x16.46,63.54x78.72,3,8,#C40B11,
HidanNoAriaAA-OP1.webm,68.67x42.71,49.75x54.55,7.7,12.4,,
HigashiNoEden-OP1.webm,30.55x7.36,94.83x86.96,0,1,,
HigashiNoEden-OP1.webm,25.51x7.15,79.02x74.57,3.4,4.6,,
HigashiNoEden-OP1.webm,100.00x100.00,80.00x0.00,5.5,6.5,,
HigashiNoEden-OP1.webm,52.38x32.71,50.04x50.26,7.5,18,,
HigashiNoEden-OP1.webm,100.00x100.00,80.00x0.00,18,21,,
HigashiNoEden-OP1.webm,48.05x37.01,0.00x100.00,21,23,,
HighCardS2-OP1.webm,68.20x15.90,50.49x64.57,12.5,17.5,,
HighSchoolDxD-OP1.webm,100.00x100.00,0.00x0.00,0,6,#FDFDFD,true
HighSchoolDxD-OP1.webm,83.12x88.12,44.21x55.56,11,17.5,,
HighSchoolDxD-OP1.webm,52.19x100.00,100.00x0.00,27.5,29.3,,
HighSchoolDxD-OP1.webm,100.00x100.00,0.00x0.00,34,35.2,#FEE2FB,true
HighSchoolDxD-OP1.webm,100.00x100.00,0.00x0.00,41.2,42.1,#9BADB0,true
HighSchoolDxD-OP1.webm,46.48x100.00,100.00x0.00,47.6,51,#220205,true
HighScoreGirl-OP1-NCBD1080.webm,66.13x53.33,55.02x49.70,17,23,,
HimoutoUmaruChan-OP1.webm,100.00x100.00,0.00x0.00,19,27.5,#FEEC0C,
Hinamatsuri-OP1-NCBD1080.webm,81.84x49.93,49.46x55.06,18,23.5,#306ADC,
HitsugiNoChaikaS2-OP1.webm,83.67x40.69,51.20x45.43,21,28,,
HokutoNoKen2-OP1.webm,83.44x73.40,49.76x45.17,17.2,23.7,,
Horimiya-OP1-BD1080.webm,51.09x43.33,48.32x52.21,11,24,,
HortensiaSaga-OP1-[ID]HortensiaSaga.webm,87.50x70.62,60.62x49.88,14.5,20.9,,
Hundred-OP1-NCBD1080.webm,70.70x40.07,49.07x51.33,14,23.5,,
HunterHunter2011-OP1.webm,75x60,50x50,18,24.5,,
Hyakkano-OP1.webm,87.34x71.18,56.79x8.43,26,31,,
Hyouka-OP2.webm,11.88x47.78,50.35x24.34,10.7,14.7,,
HypnosisMicS2-OP1.webm,60x90,50x50,0,5,,
IDInvaded-OP1-NCBD1080.webm,46.91x17.78,52.39x49.49,21,27,#080000,
IkkitousenDragonDestiny-OP1.webm,69.57x68.12,50.19x59.69,6.5,12,,
IkkitousenDragonDestiny-OP1.webm,100.00x100.00,0.00x0.00,31.3,35.8,#050201,true
Ikkitousen-OP1.webm,75.20x100.00,49.92x50.00,9,16,#FEFCFD,
Ikkitousen-OP1.webm,75.20x100.00,49.92x50.00,23,24,#000000,true
Ikkitousen-OP1.webm,75.20x100.00,49.92x50.00,27,30.5,#FCF9FF,true
Ikkitousen-OP1.webm,75.20x100.00,49.92x50.00,43,44.7,#000000,true
Ikkitousen-OP1.webm,75.20x100.00,49.92x50.00,83,87,#FEFCFD,true
ImoutoSae-OP1-NCBD1080.webm,56.37x67.92,48.70x39.61,12,18,,
ImoutoSae-OP1-NCBD1080.webm,24.57x43.33,92.13x67.28,63.8,65.4,,true
InitialDFirstStage-OP1.webm,75.86x100.00,50.65x0.00,17,20.2,#FBFEF9,
InitialDFourthStage-OP1.webm,55.00x42.92,49.31x50.61,14,17.5,,
InuBokuSS-OP1.webm,91.05x69.31,100.00x0.00,17,21.7,,
InuYasha-OP6.webm,54.37x44.38,50.77x49.69,0,5.3,#CB2F25,
Inuyashiki-OP1-NCBD1080.webm,85.78x44.86,52.20x64.99,9,16,,
IsekaiCheatMagician-OP1-NCBD1080.webm,72.77x25.76,49.93x52.48,6,12.5,,
IsekaiMaouS2-OP1-NCBD1080.webm,83.91x52.43,52.18x52.99,10.7,14.3,,
IsekaiMaouS2-OP1-NCBD1080.webm,100.00x100.00,0.00x0.00,39,43.2,#020930,true
IsekaiMaouS2-OP1-NCBD1080.webm,100.00x100.00,0.00x0.00,48.5,52,#090501,true
IsekaiQuartetS2-OP1v2-NCBD1080.webm,75.31x82.36,61.87x47.24,7,11,,
IsekaiRed-OP1.webm,92.62x65.42,57.14x51.81,17,22.5,,
IsekaiShokudou-OP1-NCBD1080.webm,85.35x50.56,50.93x52.81,26.5,37.5,,
IsekaiSmaho-OP1-NCBD1080.webm,86.29x47.78,51.85x39.63,22,30,,
Ishura-OP1.webm,49.77x32.64,50.62x43.09,11.3,16.1,,
IshuraS2-OP1.webm,96.17x95.69,57.14x61.29,5.5,17.2,,
JakuCharaTomozakiKun-OP1-NCBD1080.webm,88.24x44.72,51.83x50.38,12,19,,
JashinChanDropkick-OP1-NCBD1080.webm,59.45x57.01,50.00x27.46,16.7,25.8,,
JibakuShounenHanakoKunS2-OP1.webm,75.31x60.69,51.74x35.16,7,16.8,,
JitsuOreSaikyo-OP1-NCBD1080.webm,88.59x39.24,50.68x47.89,18,22,,
JojoNoKimyouNaBoukenS4-OP4.webm,100.00x97.64,0.00x94.12,0,3,,
JojoNoKimyouNaBoukenS4-OP4.webm,89.06x31.25,47.14x83.54,3.8,5.5,,
JojoNoKimyouNaBoukenS4-OP4.webm,85.04x71.81,54.83x54.43,13.5,15.8,,
JojoNoKimyouNaBoukenS5-OP1-NCBD1080.webm,100.00x75.97,75.00x49.71,6,11,,
JojoNoKimyouNaBoukenS5-OP2-NCBD1080.webm,54.30x47.15,50.34x44.15,12,23,,
JojoNoKimyouNaBoukenS5-OP2-NCBD1080.webm,75.70x70.76,61.90x33.49,23,24,,
JojoNoKimyouNaBoukenS6-OP1.webm,100.00x55.76,0.00x100.00,11,16,,
Jormungand-OP1.webm,63.95x45.83,56.45x79.10,21,31.5,,
JoshikouseiNoMudazukai-OP1-NCBD1080.webm,95.39x74.44,41.53x100.00,7,11,,
JunketsuNoMaria-OP1.webm,79.34x55.69,43.10x47.65,8.5,14,,
JuuniKokuki-OP1.webm,57.81x22.50,49.26x48.66,11.2,20.2,,
KabushikigaishaMagiLumiere-OP1.webm,74.06x39.86,59.34x54.62,17,22,,
KagekiShoujo-OP1-NCBD1080.webm,71.45x79.10,53.35x67.44,9.2,16.3,,
KaichouWaMaidSama-OP1.webm,90.86x90.76,62.39x51.13,3,19.2,,
KaizokuOujo-OP1-NCBD1080.webm,73.67x52.15,51.34x57.04,15,20,,
KakeguruiS2-OP1-NCBD1080.webm,100.00x92.43,75.00x100.00,7,13,,
KakumeikiValvrave-OP1.webm,100.00x50.28,66.67x56.15,20,27,,
Kakushigoto-OP1-NCBD1080.webm,53.05x38.89,52.83x53.98,13,19.5,,
Kaminomi-OP1-NCBD1080.webm,100.00x100.00,0.00x0.00,0,9,#080F09,
KamiNoTou-OP1-BD1080.webm,65.70x47.36,56.61x37.20,14.5,23,,
KamiNoTouS2KoubouSen-OP1.webm,37.19x9.31,50.12x49.85,0.5,5,,
KamiNoTouS2KoubouSen-OP1.webm,85.55x76.53,53.24x50.30,15,17.5,,
KamiNoTouS2-OP1.webm,53.01x13.89,8.56x89.68,2,4.4,,
KanataNoAstra-OP1-NCBD1080.webm,95.39x92.22,49.15x52.68,4,6,,
KanchigaiNoAtelierMeister-OP1.webm,70.27x81.88,50.20x36.78,3.2,12,,
Kanokari-OP1-NCBD1080.webm,100.00x100.00,0.00x0.00,1.3,4.8,,
KanteiSkill-OP1.webm,20.98x65.56,68.31x45.97,0,8.5,,
KanteiSkillS2-OP1.webm,20.98x57.08,72.96x45.63,9,16,,
KarakuriCircus-OP1.webm,27.50x10.28,50.27x50.15,5,6.5,,
KarakuriCircus-OP1.webm,79.96x63.68,50.49x55.64,7.5,10.3,,
KarakuriCircus-OP3.webm,29.18x10.97,72.64x80.27,10,13,,
KatekyoHitmanReborn-OP1.webm,75.23x100.00,50.00x0.00,0,8.5,#BC3100,
KatekyoHitmanReborn-OP5.webm,90.23x88.54,47.60x27.27,5,9,,
KekkaiSensenAndBeyond-OP1-NCBD1080.webm,100.00x92.85,75.00x44.66,9,20.4,,
KemonoJihen-OP1.webm,83.16x47.57,46.17x47.68,15.3,22.8,,
Kemurikusa-OP1.webm,61.37x25.28,50.05x49.72,14,20.5,,
KenganAshura-OP1-NCBD1080.webm,95.35x93.12,100.00x100,4,10.5,,
KenganAshuraS2-OP1.webm,79.22x71.81,62.78x56.90,17,23,,
KenganAshuraS2Part2-OP1.webm,84.77x79.24,85.38x76.59,13,19,,
KenIchi-OP1.webm,75.20x100.00,49.92x0.00,4.5,11,,
KenkaDokugaku-OP1.webm,88.67x43.89,49.66x49.50,11,15,#430607,
KillLaKill-OP1.webm,94.65x96.39,48.91x71.15,0,14,,
KimiNoNaWa-OP1.webm,64.45x31.60,49.67x49.34,0,9.5,,
KimiSenS2-OP1.webm,69.38x50.28,50.64x54.47,18,26,,
KimiUso-OP1.webm,100.00x48.19,85.71x55.23,9.3,14.7,,
KimiUso-OP2.webm,100.00x48.19,85.71x55.23,12.5,15.7,#FCFCFC,
Kingdom-OP1.webm,96.68x65.07,0.00x55.27,10,14.3,,
KingdomS2-OP1.webm,84.26x68.47,50.12x49.56,23.2,28.6,,
KingdomS3-OP1.webm,56.72x36.46,49.55x50.49,12,16.5,,
KingdomS4-OP1.webm,72.89x44.24,50.86x48.69,18,25.1,,
KingOfFightersXV-OP1-[ID]KoFXV.webm,59.02x92.08,51.10x24.56,20.5,24.8,,
KinoNoTabi2017-OP1-NCBD1080.webm,49.88x38.61,19.80x44.80,9,16.5,,
KishibeRohanWaUgokanai-OP1.webm,47.27x71.11,50.07x50.24,0,6,,
KnightsAndMagic-OP1-NCBD1080.webm,71.25x32.78,51.90x50.93,15,22,,
KobayashiSanChiNoMaidDragon-OP1-NCBD1080.webm,67.70x56.53,53.33x59.27,13,24.1,,
KobayashiSanChiNoMaidDragonS2-OP1-NCBD1080.webm,59.65x53.33,31.46x47.47,14.5,20,,
KodomoNoOmocha-OP1.webm,75.55x100,50.64x0.00,0.5,3,,
KodomoNoOmocha-OP1.webm,48.75x28.12,51.60x83.19,32,34,,
Kokkoku-OP1v2-BD1080.webm,71.64x84.44,45.04x49.11,42,47,,
KomiSanWaKomyushouDesu-OP1.webm,96.02x22.50,67.65x54.39,7,15,,
KomiSanWaKomyushouDesu-OP1.webm,58.20x41.74,51.12x50.77,20.5,22.5,,
KOn-OP1.webm,100.00x100.00,0.00x0.00,19.5,25.5,#FAF9E5,
Konosuba-OP1.webm,98.54x98.54,27.27x28.57,6.5,8.5,#FEFEFE,
Konosuba-OP1.webm,95.70x71.04,35.45x30.46,13,25,,
KonosubaS2-OP1.webm,83.20x100.00,100.00x0.00,0,1.2,,
KonosubaS2-OP1.webm,72.11x88.68,0.00x0.00,1.4,2.7,,
KonosubaS2-OP1.webm,61.99x100.00,100.00x0.00,3.1,4.4,,
KonosubaS2-OP1.webm,76.41x100.00,0.00x0.00,9,15.3,,
KonosubaS3-OP1.webm,95.98x91.94,55.34x24.14,10.7,19.2,,
K-OP1.webm,63.59x56.11,49.36x57.12,10,14,,
KoreWaZombieDesuKa-OP1.webm,100.00x61.60,66.67x81.01,5,14,,
KoutetsujouNoKabaneri-OP1v2.webm,72.34x35.21,53.53x53.80,13.5,19.5,,
KowloonGenericRomance-OP1.webm,97.07x100.00,84.00x0.00,0,2,,
KReturnOfKings-ED1.webm,45.51x84.38,63.80x18.67,0,2,,
KReturnOfKings-ED1.webm,92.42x96.25,100.00x0.00,4,7.8,,
KReturnOfKings-ED1.webm,27.97x97.36,12.20x0.00,10.5,13,,
KumoDesuGaNaniKa-ED2-NCBD1080.webm,97.93x65.21,49.06x39.72,20,23.3,,
KumoDesuGaNaniKa-OP2-NCBD1080.webm,100.00x68.75,50.00x38.44,10.5,19.5,,
KurokoNoBasketS2-OP1-Lyrics.webm,92.11x9.65,49.01x49.88,0,3.4,,
KurokoNoBasketS2-OP1-Lyrics.webm,71.72x16.94,50.69x49.16,13,16.7,,
KuroshitsujiBookOfCircus-OP1.webm,61.99x78.68,48.20x100.00,17,22,,
Kuroshitsuji-OP1.webm,70.55x81.32,47.88x69.89,8,17,,
KuroshitsujiS2-OP1.webm,65.35x93.82,47.69x53.93,20.8,26.6,,
KusuriyaNoHitorigoto-OP1-NCBD1080.webm,20.23x84.03,50.54x53.04,4,15.5,,
KusuriyaNoHitorigoto-OP2-NCBD1080.webm,18.24x78.40,50.45x49.20,8,12,,
KusuriyaNoHitorigotoS2-OP1.webm,17.66x74.86,49.86x51.66,13.5,19.5,,
KusuriyaNoHitorigotoS2-OP2.webm,68.09x29.65,50.18x48.08,7.3,14.6,,
KuzuNoHonkai-OP1-NCBD1080.webm,24.96x92.92,48.98x62.75,11.5,16.5,#020202,
KyokouSuiri-OP1-NCBD1080.webm,96.80x93.47,42.68x45.74,15.2,20,,
KyokouSuiriS2-OP1-NCBD1080.webm,86.25x54.37,56.82x56.32,14,20,,
KyoukaiNoKanata-OP1.webm,40.04x31.39,49.97x20.14,21,26.5,,
KyoukaiNoRinne-OP1.webm,85x70,50x50,12,20,,
KyuuketsukiSuguShinu-OP1-NCBD1080.webm,50.59x69.24,52.25x48.76,7.5,15.5,,
Lazarus-OP1-[MAL]56038[ART]Kamasi Washington[SNG]Vortex.webm,97.34x95.28,47.06x57.35,0,10,#110C12,
LiarLiar-OP1-NCBD1080.webm,65.98x70.42,50.17x40.38,13,17.3,,
Listeners-OP1.webm,100.00x62.36,66.67x55.90,47.8,53,,
LittleWitchAcademiaTV-OP1-NCBD1080.webm,100.00x100.00,0.00x0.00,3,14,,
LittleWitchAcademiaTV-OP2-NCBD1080.webm,82.70x84.79,51.24x36.53,5,11,,
LovelyComplex-OP2.webm,66.60x41.94,50.29x50.96,16,17.5,,
LuckyStar-OP1.webm,14.57x79.65,50.39x51.88,21,25.5,,
LupinTheFirst-OP1.webm,61.80x35.56,49.59x50.97,10.5,13.7,,
LupinTheFirst-OP1.webm,80.43x71.25,0.00x42.75,13.7,16.8,,
Lv1Room-OP1-NCBD1080.webm,62.66x43.40,49.58x48.47,5.2,7.2,,
LycorisRecoil-ED1-NCBD1080.webm,97.38x94.72,47.76x48.68,0.5,2.9,#EF5358,
LycorisRecoil-ED1-NCBD1080.webm,97.38x94.72,47.76x48.68,3.5,7.1,#2A95FA,
LycorisRecoil-ED1-NCBD1080.webm,97.38x94.72,47.76x48.68,11,13.7,,
LycorisRecoil-OP1.webm,55.20x43.82,54.66x44.00,0,3,,
LycorisRecoil-OP1.webm,7.58x7.15,33.69x58.41,3,7,,
LycorisRecoil-OP1.webm,62.50x24.72,49.90x49.26,13,19.4,,
MachineDollWaKizutsukanai-ED1v3.webm,100.00x100.00,0.00x0.00,23,26.3,#FAFBF6,true
MachineDollWaKizutsukanai-ED1v3.webm,54.96x100.00,46.57x0.00,62.5,65.5,,true
MachineDollWaKizutsukanai-OP1.webm,100.00x47.01,80.00x50.72,12,20,,
Macross7-OP1.webm,61.52x40.28,50.56x35.47,9,14,,
MacrossDelta-OP1.webm,90.70x60.49,47.90x36.56,12,16.4,,
MacrossDelta-OP2-NCBD1080.webm,90.70x60.49,47.90x36.56,22.5,29.5,,
MadeInAbyss-OP2-NCBD1080.webm,61.48x75.35,48.07x54.08,9,15,,
MadeInAbyssS2-OP2.webm,6.29x6.88,61.07x22.74,12,16.3,,
MadeInAbyssS2-OP2-NCBD1080.webm,36.64x61.94,48.46x43.98,12,16.3,,
MadokaMagica-OP1-NCBD1080.webm,100.00x47.57,66.67x35.50,13,22.2,,
MagicKaito1412-OP1.webm,100.00x72.85,75.00x59.85,7.2,10,,
MagicKaito1412-OP1.webm,89.65x59.58,58.11x51.03,12,15,,
MagicKaito1412-OP2.webm,51.25x38.06,0.00x100.00,13,17,,
MagiKingdomOfMagic-OP2.webm,74.73x85.14,42.04x100.00,12,21,,
MagiLabyrinthOfMagic-OP1.webm,60x85,50x0,16,21,,
MagiLabyrinthOfMagic-OP2.webm,60.08x77.71,43.74x28.04,13,20.6,,
MahoukaKoukouNoRettousei-OP1.webm,30.66x88.47,52.90x45.78,3.5,12.5,,
MahoukaKoukouNoRettousei-OP2.webm,39.69x93.12,51.81x56.57,15.8,26,,
MahoukaKoukouNoRettouseiS3-OP1.webm,25.51x77.08,49.92x58.18,10.5,15,,
MahouSensou-ED1.webm,88.95x70.49,62.90x56.94,5.5,15.5,,
MahouShoujoMagicalDestroyers-OP1.webm,42.38x7.43,50.31x57.61,25.8,28.3,,
MahoutsukaiNoYome-OP1-NCBD1080.webm,76.02x45.28,51.79x49.37,14,24,,
MahoutsukaiNoYome-OP2-NCBD1080.webm,90.12x54.58,54.55x49.08,25,30,,
MahoutsukaiNoYomeS2-OP1.webm,75.00x47.43,49.38x51.78,3,9,,
MairimashitaIrumaKunS2-OP1.webm,88.48x76.32,46.44x49.27,6,12,,
MajoToYajuu-OP1.webm,92.54x61.18,49.21x52.95,9,15,,
Maou2099-OP1.webm,80.04x41.74,49.71x58.88,11.5,21,,
MaouGakuinNoFutekigousha-OP1-NCBD1080.webm,80.62x63.82,53.43x51.25,7,14.3,,
MaouGakuinNoFutekigoushaS2-OP1-NCBD1080.webm,83.32x79.03,51.99x100.00,12,16.5,,
MaouGakuinNoFutekigoushaS2Part2-OP1.webm,89.26x56.67,45.82x49.68,17,23,,
MaouGakuinNoFutekigoushaS2Part2-OP1-NCBD1080.webm,89.26x56.67,45.82x49.68,17,23,,
MaouSamaRetryS2-OP1.webm,100.00x80.49,0.00x100.00,17.3,21,,
MariaHolic-OP1.webm,87.81x4.31,0.00x59.00,0,1.2,#FFFFFD,
MariaHolic-OP1.webm,21.88x3.40,89.95x8.48,1.2,2.9,,
MariaHolic-OP1.webm,42.42x50.21,43.83x0.00,5,6.1,#FEE8E4,
MariaHolic-OP1.webm,19.77x24.65,23.47x58.06,6.7,8.3,#FEFEFE,
MariaHolic-OP1.webm,56.41x4.86,32.97x68.39,9.1,10.4,#ECECEA,
MariaHolic-OP1.webm,65.51x18.47,83.81x39.27,13,17.6,#FFFFFF,
MariaHolic-OP1.webm,10.98x16.46,83.76x50.71,20.5,21.2,#FAFAFA,
MariaHolic-OP1.webm,71.17x32.78,50.00x28.72,28,30.1,#FFFFFF,
MariaHolic-OP1.webm,100.00x100.00,0.00x0.00,46,48.5,#FFEEC4,true
MariaHolic-OP1.webm,9.92x14.93,76.06x11.18,72.8,74.7,#4F4631,
MariaHolic-OP1.webm,39.92x7.99,86.67x52.23,75.3,76.5,#E2EFDC,
MariaHolic-OP1.webm,69.80x7.36,50.45x50.52,77,78.7,#FAFAFA,
MasamuneKunNoRevengeS2-OP1-NCBD1080.webm,96.84x94.79,51.85x53.33,12.4,23,,
Mashle-OP1.webm,90.20x100.00,100.00x0.00,3.5,4.5,,
Mashle-OP1.webm,100.00x100.00,0.00x0.00,6,7.5,,
Mashle-OP1.webm,65.70x24.38,47.27x56.29,10,17.5,,
MashleS2-OP1v2.webm,100.00x89.44,50.00x53.29,1,7,,
MashleS2-OP1v2.webm,100.00x89.44,50.00x53.29,7.5,8.8,,
MashleS2-OP1v2.webm,100.00x89.44,50.00x53.29,9.3,11,,
MashleS2-OP1v2.webm,100.00x89.44,50.00x53.29,13,26.5,,
MawaruPenguindrum-OP1-Lyrics.webm,83.40x100.00,0.00x0.00,25,30,,
MawaruPenguindrum-OP2-Lyrics.webm,67.85x64.79,50.18x100.00,13,14.5,,
MawaruPenguindrum-OP2-Lyrics.webm,68.48x31.87,51.80x50.15,14.5,15,,
MawaruPenguindrum-OP2-Lyrics.webm,100x70,41.00x61.99,15,16.5,,
MawaruPenguindrum-OP2-Lyrics.webm,100x70,0x0,16.5,18,,
MechaUde-OP1.webm,74.65x42.36,49.77x50.00,4.75,6.5,,
MegaloBox-OP1-Lyrics.webm,38.71x42.22,50.67x51.20,0,1,,
MegaloBox-OP1-Lyrics.webm,82.85x66.81,53.76x49.16,6,13,,
MekakucityActors-OP1.webm,85.47x7.08,48.92x50.15,7.5,18.2,,
MFGhostS2-OP1.webm,89.57x60.14,48.31x51.92,19,21,,
MichikoToHatchin-OP1.webm,28.44x40.21,63.05x23.11,0.9,1.3,,
MichikoToHatchin-OP1.webm,10.66x9.17,50.50x100.00,1.7,2,,
MichikoToHatchin-OP1.webm,73.12x100.00,42.73x0.00,42,42.8,,
MichikoToHatchin-OP1.webm,100.00x100.00,0.00x0.00,49.4,52.8,#C9510B,
MigiToDali-OP1.webm,72.11x44.10,50.98x46.83,5.5,13,,
MikakuninDeShinkoukei-OP1.webm,69.88x49.24,50.71x47.06,21.5,23.4,,
MiraiNikki-OP2.webm,67.15x76.11,52.32x52.33,8,14,,
MiruWatashiNoMirai-OP1.webm,45.16x65.83,50.50x50.20,8.1,10.8,,
MomentaryLily-OP1.webm,53.16x24.58,49.46x50.18,15,21,,
MomochiSan-OP1.webm,23.87x90.07,50.28x52.45,5.5,8.5,,
Mondaiji-OP1-NCBD1080.webm,74.10x94.44,49.62x46.25,19.5,23.5,,
Monmusu-ED1.webm,100.00x100.00,0.00x0.00,0,2.5,#0B0F19,true
Monmusu-ED1.webm,100.00x100.00,0.00x0.00,19,23.8,#000000,true
Monmusu-ED1.webm,100.00x100.00,0.00x0.00,36.8,46,#FAFAFF,true
MonochromeFactor-OP1.webm,100.00x68.19,66.67x42.36,16,21.5,,
MonogatariOffAndMonsterSeason-OP1.webm,92.58x64.58,41.05x42.75,3.3,8.2,#FFFFFF,
MonogatariSS-OP3.webm,11.25x24.65,50.00x51.15,0.3,9.6,,
MonogatariSS-OP3.webm,75.16x60.62,0.00x0.00,14.5,19.6,,
MonogatariSS-OP6.webm,55.39x39.79,23.64x30.45,15,21.8
Mononoke-OP1.webm,15.16x65.90,49.86x53.77,16.5,24.2,,
Monster-OP1-NCDVD480.webm,61.72x61.11,50.10x44.11,0,15,,
MusaigenNoPhantomWorld-OP1.webm,91.76x38.68,47.87x49.83,11,14,,
MusaigenNoPhantomWorld-OP1.webm,79.06x45.62,50.19x41.38,22,26,,
MushokuTenseiS2-OP1-NCBD1080.webm,70.98x52.92,48.86x52.65,25,31,,
MushokuTenseiS2Part2-OP1.webm,98.20x86.46,41.30x57.44,21,32,,
Nana-OP1.webm,47.19x35.69,84.25x54.00,23,31.5,,
NanatsuNoTaizaiFunnuNoShinpan-OP2-NCBD1080.webm,90.12x76.81,34.78x23.35,26,30.9,,
NanatsuNoTaizaiImashimeNoFukkatsu-OP1-NCBD1080.webm,79.26x65.83,53.11x6.30,10.5,14.9,,
NanatsuNoTaizaiKamigamiNoGekirin-OP1-NCBD1080.webm,91.48x93.61,0.00x98.91,8.5,13.6,,
NanatsuNoTaizaiMokushirokuNoYonkishiS2-OP1.webm,81.80x44.44,50.86x16.12,5,8,,
NanatsuNoTaizai-OP1.webm,79.22x63.40,53.38x5.69,24,32,,
NanatsuNoTaizai-OP2.webm,79.22x63.40,53.38x5.69,20.3,25.6,,
NanatsuNoTaizaiSeisenNoShirushi-OP1-NCBD1080.webm,87.77x87.64,45.05x100.00,7.5,12.9,,
Nanbaka-OP1.webm,89.73x78.82,68.06x55.41,17.5,23,,
Naruto-OP1.webm,61.91x60.56,50.36x57.39,9.7,16.8,#EFF2F1,
Naruto-OP5.webm,67.30x81.74,49.10x100.00,8.5,13.8,#9C9538,
Naruto-OP8.webm,61.76x46.67,52.71x44.14,10,20.2,#3AB0EB,
NarutoShippuuden-OP1.webm,58.16x52.64,50.14x49.27,18,28.1,,
NarutoShippuuden-OP13.webm,48.16x43.06,47.78x18.41,6,12,,
NarutoShippuuden-OP3.webm,82.03x78.06,48.91x45.89,13,18.7,,
NarutoShippuuden-OP4.webm,100.00x100.00,0.00x0.00,14,20.5,#0081FF,
NarutoShippuuden-OP5.webm,82.19x73.12,56.80x52.71,17,24.5,,
NarutoShippuuden-OP6.webm,93.48x79.65,47.31x45.73,23.5,26,,
NarutoShippuuden-OP9.webm,82.19x73.12,56.80x52.71,17,23.8,,
Needless-OP1.webm,100.00x100.00,0.00x0.00,0,4.5,#030303,
Needless-OP1.webm,85.39x72.99,48.66x60.93,16.2,18.4,#FB0407,
NegaPosiAngler-OP1.webm,83.05x34.44,50.92x29.45,31,35.2,,
NeonGenesisEvangelion-OP1.webm,72.15x49.65,53.02x46.48,15.5,23.8,,
NeptuniaMK2-ED1-[ID]NeptuniaMK2.webm,45.66x40.97,44.00x37.41,0,8.4,,
NetjuuNoSusume-OP1-NCBD1080.webm,77.07x51.25,100.00x0.00,2.5,9,,
NetjuuNoSusume-OP1-NCBD1080.webm,100.00x67.71,66.67x100.00,10,15.8,,
NHKNiYoukoso-OP1.webm,100.00x91.04,0.00x47.29,7,13.2,,
Nichijou-OP1.webm,97.93x96.39,45.28x51.92,0,11.7,#F4F4F4,
Nichijou-OP1.webm,100.00x10.90,0.00x40.06,15,17,#F4F4F4,
Nichijou-OP1.webm,31.17x71.39,80.76x51.21,21.5,22.7,#F4F4F4,
Nichijou-OP1.webm,33.09x28.54,11.91x88.44,24.5,25.3,#F4F4F4,
Nichijou-OP1.webm,40.23x92.43,17.32x53.21,26.9,27.8,#F4F4F4,
Nichijou-OP1.webm,23.24x20.42,100.00x9.16,71,72.5,#F4F4F4,
Nichijou-OP2.webm,22.58x56.11,54.64x50.63,0,0.5,#FBFBFB,
Nichijou-OP2.webm,100.00x100.00,0.00x0.00,4,5.5,#FBFBFB,
Nichijou-OP2.webm,30.98x74.51,57.10x40.87,10.5,15.3,#0A2161,
Nichijou-OP2.webm,69.61x72.15,100.00x74.31,15.5,17.5,#F4F4F4,
Nichijou-OP2.webm,18.40x25.35,100.00x43.53,18,19.8,#F4F4F4,
Nichijou-OP2.webm,45.23x49.31,100.00x43.42,20,21.6,#F4F4F4,
Nichijou-OP2.webm,31.48x70.69,83.69x37.44,24.3,24.8,#F4F4F4,
Nichijou-OP2.webm,100.00x100.00,0.00x0.00,25,27.2,#F4F4F4,
Nichijou-OP2.webm,25.70x62.43,21.77x46.40,27.4,29.3,#9BBBF0,
Nichijou-OP2.webm,63.12x46.53,56.36x48.83,55.5,56.9,#FBFBFB,
Niehime-OP1.webm,76.21x36.39,50.08x51.75,3,8.9,,
NinjaKamui-OP1.webm,80.35x63.96,48.91x53.76,23,30,,
NinKoro-OP1.webm,100.00x70.14,80.00x54.88,9,14.7,,
Nisekoi-OP1.webm,50.43x26.60,49.88x50.61,7.7,15.2,,
NisekoiS2-OP1.webm,80.51x85.76,50.30x37.56,1,5.3,,
Nisemonogatari-OP2.webm,92.85x61.39,54.10x20.50,4.7,11.5,,
Nisemonogatari-OP3.webm,69.06x48.96,47.10x47.76,2.5,6.2,,
NoGameNoLife-OP1.webm,48.98x49.44,48.01x37.91,9,13,,
NoGameNoLife-OP2.webm,74.26x52.50,51.90x45.61,17,22.6,,
NoGunsLifeS2-OP1.webm,86.88x84.72,43.15x55.91,7.5,16.2,,
Noir-OP1.webm,100.00x100.00,0.00x0.00,20,24
NonNonBiyori-OP1-NCBD1080.webm,72.54x37.78,50.21x49.22,13.8,19.3,#358AE5,
Noragami-OP1.webm,69.65x28.61,51.35x51.65,5.2,10.4,,
NoragamiAragoto-OP1.webm,73.01x45.83,41.53x46.67,9,21,,
NouCome-OP1.webm,100.00x93.68,75.00x98.90,8.5,10.5,#FDFDFD,
NouCome-OP1.webm,100.00x100.00,0.00x0.00,38.4,47.2,#F7FBFC,true
NouCome-OP1.webm,100.00x100.00,0.00x0.00,48,56.8,#F7FBFC,true
NozakiKun-OP1.webm,78.95x33.82,48.79x50.79,6,14,,
OdaNobunaNoYabou-OP1.webm,10.70x82.57,50.17x50.20,5.3,11,,
OkashiNaTensei-OP1.webm,48.63x75.07,49.66x37.88,6,9,,
OneOuts-OP1.webm,96.72x89.31,45.24x74.68,0,10.2,,
OnePiece-OP11.webm,100x82.15,50.00x32.68,16,24,,
OnePiece-OP13-NCBD.webm,69.84x48.19,50.65x50.27,18.3,25.7,,
OnePiece-OP20.webm,87.42x60.07,42.24x51.48,16.3,22.5,,
OnePiece-OP21.webm,65.39x41.94,54.06x52.87,22,28,#AFFDFC,
OnePiece-OP24.webm,86.64x85.49,56.73x74.16,11,15.6,,
OnePiece-OP26.webm,100.00x71.81,100.00x54.93,7,13.5,,
OnePiece-OP26.webm,69.06x44.65,50.51x32.62,13.5,19,,
OnePiece-OP27.webm,43.63x75.97,48.93x50.29,14.5,15.4,,
OnePiece-OP27.webm,74.77x76.11,5.57x50.00,16.2,17.2,,
OnePiece-OP27.webm,100.00x76.04,95.83x50.14,17.6,18.7,,
OnePiece-OP27.webm,96.95x76.18,62.82x49.85,19,20.1,,
OnePiece-OP27.webm,100.00x76.74,87.50x100.00,20.6,22.8,,
OnePiece-OP5.webm,100.00x91.60,50.00x57.85,20,27,,
OnePiece-OP6.webm,97.85x95.76,50.91x49.18,6,12.5,,
OnePiece-OP8.webm,100.00x100.00,0.00x0.00,3,12,,
OnePiece-OP8.webm,84.57x67.57,47.34x23.77,12,25,,
OnePiece-OP9.webm,100.00x100.00,0.00x0.00,0,3,,
OnePunchMan-OP1.webm,100.00x57.15,50.00x47.65,9,17,,
OnePunchManS2-OP1-NCBD1080.webm,95.62x54.93,52.68x46.22,9,14,,
OokamiToKoushinryou2024-OP2.webm,100.00x36.25,80.00x58.61,11,20,,
OokamiToKoushinryouS2-OP1.webm,79.18x100.00,45.22x0.00,0,6.5,,
OreGairu-ED1.webm,52.30x69.24,50.20x62.53,0.1,6.7,,
Oresuki-OP1-NCBD1080.webm,85.00x63.68,45.57x45.51,3.5,10,,
Osamake-OP1-NCBD1080.webm,84.77x63.19,37.69x66.79,13,19,,
OssanKensei-OP1.webm,79.26x67.43,47.46x33.05,22.2,32.8,,
OusamaGame-OP1-NCBD1080.webm,57.54x31.81,51.43x49.69,19,24,,
OutlawStar-OP1.webm,57.46x59.31,52.89x54.27,21,27.2,#000300,
Overlord-OP1.webm,84.80x39.58,54.76x54.83,8.5,17,,
OverlordS2-OP1-NCBD1080.webm,100.00x58.61,80.00x48.83,9,16.5,#000000,
OverlordS3-OP1-NCBD1080.webm,100.00x100.00,0.00x0.00,0.5,3.5,,
OverlordS3-OP1-NCBD1080.webm,100.00x100.00,0.00x0.00,4,5,#000000,
OverlordS3-OP1-NCBD1080.webm,100.00x77.15,0.00x0.00,5.5,6.1,#000000,
OverlordS3-OP1-NCBD1080.webm,100.00x37.22,66.67x100.00,6.5,7.3,#000000,
OverlordS3-OP1-NCBD1080.webm,96.72x52.99,54.76x58.64,8,13.5,,
OverlordS4-OP1-NCBD1080.webm,100x61.53,66.67x50.00,1,9.5,,
Owarimonogatari-OP1.webm,26.02x26.88,49.58x0.00,26,29.9,#585858,
Owarimonogatari-OP2.webm,100.00x33.19,66.67x49.79,15.2,20.5,,
OwarimonogatariS2-OP3.webm,82.93x69.44,36.38x0.00,36.5,41.5,,
PandoraHearts-OP1.webm,54.88x46.74,47.01x46.54,14.2,24,,
ParadiseKiss-OP1.webm,27.97x19.31,50.00x56.80,2,5.5,,
ParadiseKiss-OP1.webm,100.00x87.15,50.00x49.73,22,27.5,,
ParadiseKiss-OP1.webm,33.59x7.64,13.29x12.11,31,34.5,#030401,
PaRappaTheRapper-OP2.webm,74.96x70.90,50.08x49.40,8.5,19.5,#FF9E21,
Parry-OP1-NCBD1080.webm,63.55x44.10,52.84x49.69,11,21.2,,
Persona4DancingAllNight-OP1-[ID]Persona4DAN.webm,56.17x94.31,51.60x45.12,4.4,6.8,,
Persona4-OP4.webm,75.70x92.85,43.89x56.31,19,22,,
Persona5Game-OP1-[ID]Persona5.webm,100.00x100.00,0.00x0.00,25.5,31.1,,
Persona5-OP2.webm,97.93x95.83,56.60x48.33,8,12,,
Pet-OP1-NCBD1080.webm,51.17x34.03,47.12x46.84,18.5,21,,
Phantom-OP1.webm,73.52x31.87,49.71x49.24,5.8,10.7,#020202,
PlasticMemories-OP1.webm,100.00x70.35,75.00x46.37,0,4.1,,
PlatinumEnd-OP1-NCBD1080.webm,70.12x28.06,47.58x51.93,22,30,,
Plunderer-OP2-NCBD1080.webm,67.46x50.90,47.78x47.24,8,17.3,,
PokemonAdvancedGeneration-OP2-EN.webm,75.20x100.00,49.92x0.00,0,2.5,,
Pokemon-OP3-EN.webm,75.12x79.31,49.92x100.00,1.8,6.2,,
PokemonXY-OP2.webm,42.85x18.68,47.44x72.25,12,17.5,,
PokemonXYZ-OP1.webm,100.00x92.99,50.00x36.63,8,11.5,,
PopTeamEpic-OP1-NCBD1080.webm,81.21x65.97,60.29x48.16,5.6,9.5,,
PopTeamEpic-OP2-NCBD1080.webm,94.61x100.00,52.90x0.00,9,16.5,,
PopTeamEpicS2-OP1.webm,88.95x49.17,100.00x48.36,15,21,,
PrincessConnectReDive-OP1-NCBD1080.webm,64.22x29.58,50.11x46.84,18.5,29.3,,
PrincessPrincipal-OP1-NCBD1080.webm,83.20x94.65,45.12x61.04,16,22.5,,
PrisonSchool-OP1.webm,100.00x100.00,0.00x0.00,1.2,2.2,,true
PrisonSchool-OP1.webm,63.95x100.00,48.86x0.00,14,20.6,,
PrisonSchool-OP1.webm,100.00x100.00,0.00x0.00,64.6,67.6,,true
PsychoPass-OP1.webm,100x88.12,50.00x64.91,20.5,28,,
PsychoPass-OP2v2.webm,98.01x60.90,98.04x0.00,0,3.7,,
PsychoPassS2-ED1.webm,47.34x27.57,88.13x59.92,20,22,,
PsychoPassS3FirstInspector-OP1.webm,100.00x86.74,75.00x50.79,6,20.2,,
QualideaCode-OP2.webm,88.05x45.07,57.52x50.06,10,16,,
Radiant-OP1.webm,95.86x77.50,1.89x100.00,4,17,,
Rainbow-OP1.webm,100x100,50x50,0,2,#040404,
Rainbow-OP1.webm,100x100,50x50,3.3,5,#040404,
Rainbow-OP1.webm,100x100,50x50,6.3,7.9,#040404,
Rainbow-OP1.webm,78.40x54.17,48.82x57.73,11.5,16.8,,
Ranma2024-OP1.webm,42.34x100.00,100.00x0.00,3,11,,
Ranma-OP1.webm,61.45x54.37,47.11x49.47,30,37.7,#4D88A4,
ReCreators-OP1.webm,80x80,50x50,4,8.4,,
ReLIFE-OP1.webm,100.00x100.00,0.00x0.00,1,3,,
ReLIFE-OP1.webm,85.20x44.10,47.76x49.07,7,15,,
ReMonster-OP1.webm,100.00x73.96,66.67x44.80,15,28,,
Revisions-OP1-NCBD1080.webm,81.02x33.47,50.82x49.58,15,24.5,,
ReZero-OP2.webm,90.66x67.15,52.72x61.73,24,28.9,,
ReZeroS2-OP1-NCBD1080.webm,80.90x52.36,42.13x52.77,4.8,11.5,,
ReZeroS2Part2-OP1-NCBD1080.webm,100.00x72.78,75.00x87.50,6,19,,
ReZeroS3-OP1.webm,97.58x95.21,46.77x52.17,5.5,10.5,,
RokkaNoYuusha-OP2.webm,72.62x29.31,50.64x51.67,16,19.4,,
RomanticKiller-OP1.webm,77.15x66.88,51.45x48.64,7,12,,
RosarioToVampireCapu2-OP1.webm,100.00x69.10,0.00x51.01,5.1,7,,
RosarioToVampireCapu2-OP1.webm,83.16x49.24,51.28x51.57,8.4,13.6,,
RosarioToVampireCapu2-OP1.webm,100.00x49.65,0.00x71.31,27.5,30.5,,
RWBYHyousetsuTeikoku-OP1.webm,70x5,50x50,8,14,,
RWBYHyousetsuTeikoku-OP1.webm,39.80x100.00,0.00x0.00,20.5,22.5,,
SabikuiBisco-OP1.webm,100.00x69.93,0.00x51.73,10,14,,
SabikuiBisco-OP1.webm,76.88x72.15,51.18x100.00,14,18.3,,
SaihateNoPaladin-OP1-NCBD1080.webm,83.52x39.10,51.42x45.27,5.4,10.7,,
SaihateNoPaladinS2-OP1.webm,84.61x48.68,50.76x49.39,7,13,,
SaijakuTamer-OP1.webm,59.77x50.00,52.62x49.03,17.1,25.6,,
SaikiKusuoNoPsiNanS2-ED2-NCBD1080.webm,92.23x79.93,47.74x46.37,0,7.5,#3DF770,
SaikiKusuoNoPsiNanTV-OP2.webm,100.00x100.00,50.00x0.00,0,4.1,#FFFFFF,
SailorMoonCrystalS3-OP1.webm,89.69x85.69,49.62x49.03,19.8,26,,
SailorMoonSuperS-OP1.webm,67.93x45.21,49.33x53.49,21,31,,
SaintSeiya2019-OP1.webm,35.08x4.79,10.47x58.72,0,6,,
SaintSeiya2019-OP1.webm,97.93x96.74,39.62x59.57,7,13,,
SaintSeiyaHadesJuuniKyuuHen-OP1.webm,63.48x63.26,53.69x41.40,24.5,35.5,,
SaiunkokuMonogatari-OP1.webm,50.98x27.36,48.76x50.67,20,29.4
SakamotoDays-ED2.webm,55.31x37.15,49.48x51.16,0.2,9.2,,
SakamotoDays-ED2.webm,100.00x42.29,0.00x43.56,62,64.3,,
SakamotoDays-ED2.webm,100.00x42.29,0.00x43,67.3,69,,
SakamotoDays-OP1.webm,30.74x57.85,18.61x3.79,0,2,,
SakamotoDays-OP1.webm,40.90x78.96,45.87x0.00,2,3.6,,
SakamotoDays-OP1.webm,42.34x79.31,17.82x100.00,3.6,5.2,,
SakamotoDays-OP1.webm,42.46x96.74,74.75x97.87,5.2,7,,
SakamotoDays-OP1.webm,77.23x51.18,89.54x100.00,7,8.4,,
SakamotoDays-OP1.webm,43.67x84.58,13.66x53.15,8.4,10,,
SakamotoDays-OP1.webm,62.46x100.00,85.12x0.00,10,11.8,,
SakamotoDays-OP1.webm,49.80x91.74,45.37x100.00,11.8,12.9,,
SakamotoDays-OP1.webm,84.77x84.65,53.85x49.77,12.9,25.8,,
SakamotoDays-OP1.webm,18.95x5.90,53.64x41.99,63.8,67.9,,
SakamotoDesuGa-OP1.webm,87.66x37.64,47.78x48.00,6,11,,
SakurakoSan-OP1.webm,85.12x91.60,0.00x100.00,7.3,17.5,,
Sakurasou-OP2.webm,83.87x57.36,50.12x40.23,1.7,12.5,,
SamuraiChamploo-OP1-NCBD1080.webm,46.09x23.96,51.09x19.54,9.2,10.1,#000000,
SangatsuNoLion-OP1.webm,71.88x31.39,49.31x31.68,21,28,,
Sankarea-OP1.webm,79.38x55.14,49.43x31.58,12.8,17.5,#FDFFFD,
SAOALycoris-OP1-[ID]SAOAL.webm,100.00x86.32,100.00x0.00,11,20.2,,
SAOFatalBullet-OP1-[ID]SAOFB.webm,84.14x57.29,46.55x60.65,14,21.8,,
SayonaraZetsubouSensei-OP1.webm,100.00x100.00,0.00x0.00,6.8,7.8,#BAE3E9,true
SayonaraZetsubouSensei-OP1.webm,100.00x100.00,0.00x0.00,10,10.7,#F2ADAD,true
SayonaraZetsubouSensei-OP1.webm,11.09x55.00,50.88x37.81,23,27,#F9F8EF,
SchoolDays-OP1.webm,100.00x28.26,66.67x50.15,7.2,14.3,,
SchoolDays-OP1.webm,100.00x100.00,0.00x0.00,55.2,58.3,,
SchoolDays-OP1.webm,100.00x100.00,0.00x0.00,60,70.6,,
SchoolRumble-OP1.webm,75.20x100.00,50.08x0.00,0,6.4,#F7F8F6,
ScrappedPrincess-OP1.webm,61.91x56.67,50.05x40.06,0.5,9,#192376,
SeitokaiYakuindomo-OP1.webm,40.51x76.53,44.06x48.52,7,11,,
SeitokaiYakuindomoS2-OP1.webm,61.29x89.31,69.73x0.00,8,10.5,,
SengokuBasaraJudgeEnd-OP1.webm,100x100,50x50,6,7,,
SengokuBasaraJudgeEnd-OP1.webm,100x100,50x50,6,7,,
SengokuBasaraJudgeEnd-OP1.webm,100x100,50x50,9.2,10.4,,
SengokuBasaraJudgeEnd-OP1.webm,100.00x100.00,0.00x0.00,12,18.8,,
SentaiDaishikkaku-OP1.webm,89.02x58.06,51.60x54.97,2,7,,
SentaiDaishikkakuS2-OP1.webm,100.00x96.81,0.00x100,5.2,6.9,,
SentaiDaishikkakuS2-OP1.webm,100.00x81.04,75.00x73.63,7.9,10,,
SerialExperimentsLain-OP1.webm,79.41x100.00,50.47x0.00,2,4.1,#0D41AF,
SerialExperimentsLain-OP1.webm,79.41x100.00,50.47x0.00,4.3,6.1,#0A34A0,
SerialExperimentsLain-OP1.webm,79.41x100.00,50.47x0.00,7.5,8.4,#565656,
SerialExperimentsLain-OP1.webm,79.41x100.00,50.47x0.00,12,13.5,#0B236A,
SerialExperimentsLain-OP1.webm,32.27x4.86,80.28x31.53,20.2,22,,
ShadowGarden-OP1-NCBD1080.webm,98.16x93.33,10.64x59.38,14,18,,
ShadowGarden-OP1-NCBD1080.webm,100.00x66.39,66.67x17.98,19,22,,
ShadowGardenS2-OP1-NCBD1080.webm,100x100,50x50,8.5,12.9,,
ShadowGardenS2-OP1-NCBD1080.webm,89.49x35.90,51.30x46.91,14.2,15.7,,
ShadowsHouse-ED1-NCBD1080.webm,36.02x10.69,47.80x49.46,6,7.9,,
ShadowsHouseS2-ED1-NCBD1080.webm,52.15x42.99,48.41x41.78,0,0.5,,
ShadowverseFlame-OP2.webm,100.00x80.14,0.00x52.80,7,13,,
ShakuganNoShana-OP1.webm,100.00x100.00,50.00x0.00,21,26,#FDFDFD,
ShamanKing-OP1.webm,56.09x63.82,49.47x47.22,4,11.2,#2049AC,
ShangrilaFrontier-OP1.webm,65.86x54.65,46.68x39.51,7,18,,
ShangrilaFrontier-OP2.webm,83.75x76.25,45.67x49.71,11.5,20.5,,
ShangrilaFrontierS2-OP1.webm,68.32x65.35,51.05x52.10,13.5,21,,
ShangrilaFrontierS2-OP2.webm,100.00x71.11,100.00x50.00,11,19,,
ShieldHeroS2-OP1-NCBD1080.webm,63.63x87.36,51.88x41.21,11,17.7,,
ShieldHeroS3-OP1.webm,49.10x77.01,50.19x64.95,6,17,,
Shikanoko-OP1.webm,100.00x82.08,0.00x42.64,12,21.5,,
Shiki-OP1-Lyrics.webm,26.21x64.72,16.46x27.56,0.2,5.7,,
Shiki-OP2-Lyrics.webm,24.73x62.15,51.43x25.87,14.5,18.8,,
ShingekiKyojinChuugakkou-OP1.webm,93.12x77.29,57.95x100.00,3.5,13.5,,
ShingekiNoBahamutGenesis-OP1.webm,72.34x70.76,50.14x70.78,10.5,20.9,,
ShingekiNoBahamutVirginSoul-OP1.webm,100.00x77.71,66.67x83.49,16,22.5,,
ShingekiNoBahamutVirginSoul-OP2.webm,42.70x27.36,51.67x49.14,4,10.9,,
ShingekiNoKyojin-OP1.webm,100.00x70.83,50.00x100.00,4,14.2,,
ShingekiNoKyojinS2-OP1-NCBD1080.webm,100.00x52.50,50.00x70.47,3.5,7,,
ShingekiNoKyojinS3Part2-OP1-NCBD1080.webm,66.25x52.15,51.39x59.65,2.7,5.5,,
ShingekiNoKyojinS4-OP1-NCBD1080.webm,83.55x57.78,61.76x46.05,0,6.3,,
ShingekiNoKyojinS4Part2-OP1.webm,85.20x53.61,46.70x53.14,16,20.2,,
ShinkalionChangeTheWorld-OP1.webm,80.59x43.12,46.28x45.91,8,17.5,,
ShinSamuraiDenYaiba-OP1.webm,21.29x12.85,49.93x49.80,0,5.7,,
ShinSamuraiDenYaiba-OP1.webm,65.94x62.71,51.72x43.76,10.7,14.4,,
ShirobakoSpecials-OP2-NCBD1080.webm,56.68x49.58,49.95x88.29,9,16,,
ShironekoProject-OP1-NCBD1080.webm,78.32x71.67,50.27x52.94,18,21.5,,
ShuumatsuNoWalkure-OP1.webm,89.84x54.31,0.00x52.58,22,27.4,,
ShuumatsuNoWalkureS2-OP1-[MAL]49618[ART]Minami[SNG]Rude Lose Dance.webm,100.00x50.35,66.67x58.60,15,27,,
SidoniaNoKishi-OP1.webm,81.52x46.74,49.47x42.63,22,26,,
SidoniaNoKishiS2-OP1.webm,80.23x50.35,50.00x47.83,21.7,25.4,,
SkipToLoafer-OP1.webm,73.67x70.56,49.55x46.93,15,26.3,,
SoloLevelingS2-ED1.webm,82.46x76.53,50.56x49.41,35.5,39,,
SoloLevelingS2-OP1.webm,36.80x12.85,11.56x88.21,1,5.7,,
SoloLevelingS2-OP1.webm,85.51x30.63,52.29x53.25,6,12.5,,
SonicX-OP1.webm,66.72x66.04,53.17x47.85,8.7,13,#E7E7E7,
SoraWoKakeruShoujo-OP1.webm,91.09x47.57,48.68x48.48,18,23,,
SoraWoKakeruShoujo-OP2.webm,91.09x47.57,48.68x48.48,17,26.6,,
SoulEater-ED4.webm,100.12x70.14,133.33x47.21,14.4,17.1,,
SoulEater-OP1.webm,77.93x26.88,99.82x49.86,13,14,,
SoulEater-OP1.webm,59.96x26.81,55.02x50.00,14,14.5,,
SoulEater-OP1.webm,99.88x65.14,55.02x50.00,14.5,15.5,,
SoulEater-OP1.webm,100x90,50.00x40.41,15.5,16.5,,
SoulEater-OP2.webm,100.00x64.03,50.00x28.96,8,14.9,,
SousouNoFrieren-OP1-NCBD1080.webm,55.04x38.68,50.04x48.70,20,29.3,,
SousouNoFrieren-OP2.webm,72.07x47.01,53.01x50.98,23.7,29,,
SpyXFamilyPart2-OP1-NCBD1080.webm,73.09x37.36,51.09x47.67,0,3.8,,
SpyXFamilyS2-OP1.webm,100.00x100.00,0.00x0.00,1,10.5,,
StandMyHeroes-OP1-NCBD1080.webm,74.45x63.19,51.38x100.00,3.5,8.3,,
StarOceanFirstDeparture-OP1-[ID]StarOceanF.webm,63.24x53.89,53.35x59.34,36,37.8,,
StarOceanSecondEvolution-OP1-[ID]StarOcean2E.webm,70.82x77.15,61.58x55.02,27,32,,
SteinsGate-OP1.webm,69.14x25.56,49.11x47.29,4,9.3,#FFFFFF,
StrikeTheBloodS4-OP1.webm,65.62x36.53,50.91x50.98,8.5,13.5,,
SukiNaKo-OP1.webm,17.03x77.71,88.61x51.40,7.6,11.8,,
SummerPockets-OP1.webm,79.34x30.07,53.50x49.95,15,20.5,,
SwordArtOnlineAlicization-OP1-NCBD1080.webm,60x20,50x55,0,3,,
SwordArtOnlineAlicization-OP1-NCBD1080.webm,83.95x38.61,48.18x50.79,12,15.7,,
SwordArtOnlineAlicization-OP2-NCBD1080.webm,36.88x22.99,100.00x100.00,1.3,5.4,#010101,
SwordArtOnlineAlicization-OP2-NCBD1080.webm,83.32x44.17,51.29x54.35,11,16,,
SwordArtOnlineAlicizationRisingSteel-OP1-[ID]SAOARS.webm,65.00x37.08,51.90x50.00,18.3,23.2,,
SwordArtOnlineAlicizationS2-OP1-NCBD1080.webm,79.77x41.53,48.84x57.96,6,12,,
SwordArtOnlineGunGaleOnlineS2-OP1.webm,96.52x100.00,33.71x0.00,4.3,5.5,,
SwordArtOnlineGunGaleOnlineS2-OP1.webm,46.76x19.65,51.65x46.33,7,11.2,,
SwordArtOnline-OP1.webm,79.38x24.58,48.48x48.62,5,12,,
SwordArtOnline-OP2.webm,79.14x23.19,50.56x49.37,15,23.8,,
SwordArtOnlineS2-OP1.webm,81.56x21.67,52.54x48.49,13.5,18,,
SwordArtOnlineS2-OP2.webm,81.29x25.00,45.72x48.80,7.3,12.2,,
SyndualityNoir-OP1.webm,67.73x27.43,50.85x52.63,14,20,,
TabooTattoo-OP1-NCBD1080.webm,71.17x35.49,50.41x72.66,12,16.5,,
TaktOpDestiny-OP1-NCBD1080.webm,42.81x30.83,49.52x52.31,17.5,24.5,,
TalesOfZestiria-ED3.webm,80.16x30.76,52.36x53.56,34,38,,
TalesOfZestiria-OP1.webm,74.88x23.26,52.57x57.65,10,14.5,,
TalesOfZestiriaS2-OP1.webm,70.74x25.90,52.60x54.17,13,19.5,,
TamakoMarket-OP1-BD1080Lyrics.webm,79.10x53.06,52.15x61.98,13.8,18.1,,
TasogareOtomeAmnesia-OP1.webm,75.04x58.47,51.17x49.16,17.5,24,,
Tearmoon-OP1.webm,77.38x73.75,52.85x54.23,14,18.3,,
TekkenBloodline-OP1.webm,30.04x14.51,14.68x26.40,7.5,9.5,,
TenkyouNoAlderamin-OP1-NCBD.webm,79.30x34.24,52.45x42.24,11,16,,
TenseiOjisan-OP1.webm,32.66x12.64,36.54x34.50,0,2,#151417,
TerraFormars-OP1.webm,100x61.94,0x47.63,21,27,,
TerraFormarsS2-OP2.webm,100.00x51.94,0.00x41.33,20,22,,
Texhnolyze-OP1.webm,100.00x33.06,66.67x46.16,0,7.5,,
TheGodOfHighSchool-ED1-NCBD1080.webm,38.32x22.01,48.64x50.31,0,5,,
TheGodOfHighSchool-OP1-NCBD1080.webm,23.24x2.57,50.08x66.50,0.2,1.2,,
TheGodOfHighSchool-OP1-NCBD1080.webm,36.84x5.28,49.60x67.82,1.3,2.1,,
TheGodOfHighSchool-OP1-NCBD1080.webm,73.55x28.82,61.30x50.24,6,7.5,,
TheGodOfHighSchool-OP1-NCBD1080.webm,28.91x37.99,51.81x49.61,7.5,9,,
TheGodOfHighSchool-OP1-NCBD1080.webm,66.99x79.10,51.60x43.85,12.5,15.7,,
TheGodOfHighSchool-OP1-NCBD1080.webm,29.45x15.97,41.03x16.45,23.2,25.6,,
TheGodOfHighSchool-OP1-NCBD1080.webm,100.00x67.43,0.00x0.00,39.5,40.9,,
TheGodOfHighSchool-OP1-NCBD1080.webm,98.12x96.46,41.67x45.10,44,46,,
TheGodOfHighSchool-OP1-NCBD1080.webm,100.00x72.57,93.75x0.00,50.5,51.9,,
TheNewGate-OP1.webm,82.66x47.01,51.35x48.49,10,16,,
ToaruKagakuNoRailgun-OP1.webm,24.34x90.97,49.97x63.08,6,12.9,,
ToaruKagakuNoRailgunS-OP1.webm,22.11x94.31,49.00x37.80,13,18.5,,
ToaruKagakuNoRailgunT-OP1-NCBD1080.webm,22.30x83.19,51.13x55.79,15,19.7,,
ToaruMajutsuNoIndexS2-OP1.webm,100.00x100.00,0.00x0.00,13.7,20,#000000,
ToaruMajutsuNoIndexS2-OP1.webm,100.00x100.00,0.00x0.00,20,21.5,#FFFFFF,
ToaruMajutsuNoIndexS3-OP1-NCBD1080.webm,100.00x100.00,0.00x0.00,10,17,#020000,
ToaruMajutsuNoIndexS3-OP2-NCBD1080.webm,79.14x73.75,49.63x50.26,17,22,#FEFEFE,
TokyoGhoul-OP1.webm,77.85x51.53,49.03x46.28,34,41.8,,
TokyoGhoulRE-OP1-NCBD1080.webm,82.46x29.31,51.89x37.13,15,25,,
TokyoGhoulRE-OP1-NCBD1080.webm,100.00x100.00,0.00x0.00,25,26,,
TokyoGhoulRES2-OP1-NCBD1080.webm,77.66x27.43,45.45x38.47,20,28,,
TokyoMagnitude-OP1.webm,85.82x22.36,49.31x49.91,10,16,,
TokyoRavens-OP1.webm,72.97x30.76,49.28x48.45,40,45.5,,
TokyoRevengersS2-ED1-NCBD1080.webm,100.00x31.74,66.67x14.55,18,23,#EF8A8D,
TokyoRevengersS2-ED1-NCBD1080.webm,100.00x59.93,50.00x31.37,23,28,#EF8A8D,
ToLoveRu-OP1.webm,100.00x100.00,0.00x0.00,0,5.2,#2C1E24,true
ToLoveRu-OP1.webm,100.00x58.06,66.67x47.85,5.2,11.2,,
ToLoveRu-OP1.webm,100.00x100.00,0.00x0.00,20,21.6,#8CACF5,true
ToLoveRu-OP1.webm,100.00x100.00,0.00x0.00,21.6,22.4,#F1EDE5,true
ToLoveRu-OP1.webm,100.00x100.00,0.00x0.00,22.4,23.6,#4B4350,true
ToLoveRu-OP1.webm,100.00x100.00,0.00x0.00,23.6,25.2,#81ACE5,true
ToLoveRu-OP1.webm,100.00x100.00,0.00x0.00,26,29.2,#CEBB5D,true
ToLoveRu-OP1.webm,100.00x100.00,0.00x0.00,29.2,31.2,#6ABDCD,true
ToLoveRu-OP1.webm,100.00x100.00,0.00x0.00,31.2,32.5,#FDE0A5,true
ToLoveRu-OP1.webm,100.00x100.00,0.00x0.00,36,39.7,#B8D1EE,true
ToLoveRu-OP1.webm,100.00x100.00,0.00x0.00,39.7,41.7,#B96185,true
ToLoveRu-OP1.webm,100.00x100.00,0.00x0.00,47.1,50,#F1D6D1,true
ToLoveRu-OP1.webm,100.00x100.00,0.00x0.00,50,52.7,#CFBD3D,true
ToLoveRu-OP1.webm,100.00x100.00,0.00x0.00,73,76,#F3C0C9,true
ToLoveRu-OP1.webm,100.00x100.00,0.00x0.00,76,79,#A77D52,true
ToLoveRu-OP1.webm,100.00x100.00,0.00x0.00,81,83.5,#DAD8E6,true
TomoChanWaOnnanoko-OP1-NCBD1080.webm,100.00x47.99,50.00x27.77,5.4,10.8,#CBE8F6,
TomodachiGame-OP1.webm,85.16x48.47,46.32x51.35,33,37,,
TonariNoKaibutsuKun-OP1.webm,97.85x96.25,41.82x57.41,0,11.5,,
TonikawaS2-OP1.webm,75.78x37.78,50.65x55.80,38,49.5,,
Totokami-OP1-NCBD1080.webm,86.68x39.72,50.73x46.43,4,9.3,#1D32A2,
Totokami-OP1-NCBD1080.webm,100.00x100.00,0.00x0.00,18,25,#060606,true
Totokami-OP1-NCBD1080.webm,50.10x39.58,0.00x80.46,49,50,#040404,true
Totokami-OP1-NCBD1080.webm,100.00x39.58,50.00x80.46,50,53.7,#040404,true
TouhouCannonball-OP1-[ID]TouhouCB.webm,73.40x49.86,47.87x45.98,17,25.1,,
TrailsOfColdSteel3-OP1-[ID]LoHToCS3.webm,65.16x54.72,45.07x50.00,27.5,35.7,,
Trigun-OP1.webm,64.61x35.83,49.23x53.79,25,32.4,,
TrinitySeven-OP1.webm,75.00x31.87,52.03x52.19,18.5,22.6,,
TsukiGaKirei-OP1.webm,58.28x27.71,49.72x50.24,12,26,,
Tsukihime-OP1.webm,38.20x80.42,52.47x50.35,0,7,,
Tsukimichi-OP1.webm,85.23x55.42,48.68x46.57,12,15.7,,
TsukimichiS2-OP2.webm,90.90x76.53,100.00x100.00,12.5,15,,
TsukimichiS2-OP2.webm,81.37x53.40,46.96x48.14,15,20,,
TsurezureChildren-OP1-NCDVD.webm,24.38x84.79,51.03x64.38,3,11,,
Tsuritama-OP1.webm,71.84x63.96,58.67x62.04,7,12.8,,
UekiNoHousoku-OP2.webm,73.28x95.28,49.27x52.94,15.7,26.7,#FF8DE5,
UltramanS2-OP1.webm,100.00x71.53,50.00x100.00,8,15.4,#2E1629,
UndeadGirl-OP1.webm,100.00x55.62,0.00x55.09,1.7,3.2,,
UndeadGirl-OP1.webm,93.20x52.78,39.66x54.85,4.5,6.2,,
UndeadGirl-OP1.webm,58.95x35.07,52.05x93.80,10,13.3,,
UndeadUnluck-OP1-NCBD1080.webm,40.98x11.81,51.09x51.02,32.5,45,,
UndeadUnluck-OP2.webm, 100.00x100.00,0.00x0.00,5,6,#0A0105,
UndeadUnluck-OP2.webm, 100.00x100.00,0.00x0.00,6,6.4,#EA0A0B,
UndeadUnluck-OP2.webm, 100.00x100.00,0.00x0.00,7.7,8.5,#0A0105,
UndeadUnluck-OP2.webm, 100.00x100.00,0.00x0.00,8.5,9,#EA0A0B,
UndeadUnluck-OP2.webm, 100.00x100.00,0.00x0.00,11,16.3,#FDFDFD,
UnderNinja-OP1.webm,87x100,50x50,2,14,,
UnderNinja-OP1.webm,90x90,50x50,14,22,,
UnnamedMemory-OP1.webm,70.27x41.74,53.22x61.14,12,21.5,#F2F2F2,
Vden-OP1.webm,100.00x82.92,0.00x0.00,0,2,#FEFEFE,
VinlandSaga-OP1-NCBD1080.webm,67.38x94.03,51.74x32.56,0.5,7.5,,
VinlandSagaS2-OP2-NCBD1080.webm,58.63x91.67,48.63x30.00,1,11,,
VioletEvergarden-OP1-NCBD1080.webm,70.43x51.94,50.86x56.21,3,14,,
Vivy-OP3-NCBD1080.webm,80.39x57.50,51.39x51.96,5,10,,
Wajutsushi-OP1.webm,78.55x48.47,50.46x50.40,15,19,,
Wataoshi-OP1.webm,36.84x4.44,49.91x76.09,12.3,24.3,#FFFEFF,
WindBreaker-OP1.webm,18.91x17.29,44.99x40.55,1.6,3,#161F1A,
WindBreaker-OP1.webm,24.61x33.89,37.62x47.16,3,6,,
WindBreaker-OP1.webm,96.64x26.46,61.63x48.73,11.5,21,,
WindBreakerS2-OP1.webm,21.84x18.61,50.17x50.34,1.4,6.6,,
WindBreakerS2-OP1.webm,76.84x31.04,47.39x41.99,6.6,12.2,,
Wistoria-OP1.webm,50.98x24.03,53.94x45.34,15.6,20.7,,
WitchWatch-OP1.webm,33.91x64.38,46.75x59.45,0,10.3,#FFFFFF,
WitchWatch-OP1.webm,83.48x27.43,51.06x47.08,20.5,21.5,#77879A,
WitchWatch-OP1.webm,83.48x27.43,51.06x47.08,21.5,23.5,#D2995F,
WitchWatch-OP1.webm,83.48x27.43,51.06x47.08,23.5,25.3,#F8FBFC,
WitchWatch-OP1.webm,83.48x27.43,51.06x47.08,25.3,26.9,#EEFCFF,
WitchWatch-OP1.webm,83.48x27.43,51.06x47.08,26.9,29.1,#706A49,
WitchWatch-OP1.webm,83.48x27.43,51.06x47.08,29.1,30.9,#F6AC98,
WitchWatch-OP1.webm,83.48x27.43,51.06x47.08,30.9,32.7,#3D3939,
WitchWatch-OP1.webm,83.48x27.43,51.06x47.08,32.7,33.6,#FFFBF3,
WitchWatch-OP1.webm,91.56x61.67,100.00x0.00,33.6,35.8,#236BDF,
WolfsRain-OP1.webm,61.25x75.00,50.81x47.78,5,14,,
WooserS2-ED1.webm,100.00x100.00,0.00x0.00,0,0.1,#000000,
WooserS2-ED1.webm,100.00x100.00,0.00x0.00,0.1,0.2,#CB0331,
WooserS2-ED1.webm,100.00x100.00,0.00x0.00,0.2,0.3,#30EE00,
WooserS2-ED1.webm,100.00x100.00,0.00x0.00,0.3,0.4,#E7C205,
WooserS2-ED1.webm,100.00x100.00,0.00x0.00,0.4,0.5,#AF00F7,
WorldTrigger-OP3.webm,88.67x68.89,44.83x70.54,13.4,19,,
xxxHOLiC-OP1.webm,74.45x72.71,53.06x35.88,3.5,13,,
YakusokuNoNeverland-OP1-NCBD1080.webm,59.49x51.39,52.84x51.14,17.6,23,,
YakusokuNoNeverlandS2-OP1-NCBD1080.webm,63.09x57.85,46.88x43.00,8.5,14.1,,
YamadaKun-OP1.webm,100.00x83.96,0.00x100.00,0,5.8,,
YGO5DS-ED5.webm,100x100,0x0,5,9,#A2D9F1,
YGO5DS-ED5.webm,80x100,0x0,9,10,#A2D9F1,
YGO5DS-ED5.webm,75x80,0x0,10,15.3,#A2D9F1,
YGOSEVENS-OP1.webm,85.08x81.18,45.81x28.41,9,16.2,,
YGOZEXAL-OP2.webm,85.70x61.88,54.37x47.18,12,16,,
Yorimoi-OP1-Lyrics.webm,72.66x33.19,54.43x47.40,5,13.1,,
YoujoSenki-OP1.webm,100.00x57.78,100.00x56.91,1.5,9.5,,
YoukosoZitsu-OP1-NCBD1080.webm,75.51x61.74,50.08x54.81,20,24,,
YoukosoZitsuS2-OP1-NCBD1080.webm,88.75x73.19,48.96x54.15,14,19,,
YourForma-OP1.webm,81.09x33.12,52.27x67.60,17,20.1,,
YumekuiMerry-OP1-NCBD1080.webm,62.23x29.24,59.15x50.54,14,16,,
Yuno-OP2.webm,95.82x92.22,48.60x51.79,8.5,15.6,,
YuriOnIce-OP1v2.webm,100.00x80.76,0.00x100.00,51.5,57,,
YuukiBakuhatsuBangBravern-OP1.webm,92.93x52.64,58.56x43.40,13,22.8,,
YuushaGaShinda-OP1-NCBD1080.webm,77.27x80.83,50.34x32.61,13,20.4,,
ZatchBell-OP1.webm,75.08x74.72,50.16x26.37,11.6,23.2,#41AFE4,
Zenshuu-OP1.webm,47.50x42.99,50.45x19.00,13,23.6,,
ZetsuenNoTempest-OP1.webm,86.37x61.81,41.83x52.18,7.5,14.7,,
Zom100-OP1.webm,83.63x37.99,99.76x34.15,0,1.5,,
Zom100-OP1.webm,51.64x54.17,48.30x48.94,1.5,2.2,,
Zom100-OP1.webm,73.71x51.25,51.86x45.44,2.2,2.8,,
Zom100-OP1.webm,35.47x62.43,50.54x51.20,2.8,6,,
Zom100-OP1.webm,35.47x62.43,50.54x51.20,14.8,16.5,,
ZombielandSagaS2-OP2.webm,100.00x89.65,66.67x55.70,0,5,,
ZombielandSagaS2-OP2.webm,81.80x37.36,56.01x47.67,11,22.1,,